_id,_labels,name
0.0,:Main,食品制造及烟草加工业
1.0,:Main,装备制造业
2.0,:Industry,农林牧渔业
3.0,:Industry,金属制品、机械和设备修理业
4.0,:Industry,住宿和餐饮业
5.0,:Industry,水的生产和供应业
6.0,:Industry,石油和天然气开采业
7.0,:Industry,电力、热力的生产和供应业
8.0,:Industry,化学工业
9.0,:Industry,租赁和商务服务业
10.0,:Industry,金融业
11.0,:Industry,批发与零售业
12.0,:Class,农业
13.0,:Class,林业
14.0,:Class,畜牧业
15.0,:Class,渔业
16.0,:Class,农、林、牧、渔专业及辅助性活动
17.0,:Class,货币金融服务
18.0,:Class,资本市场服务
19.0,:Class,保险业
20.0,:Class,其他金融业
21.0,:Class,住宿业
22.0,:Class,餐饮业
23.0,:Class,自来水生产和供应
24.0,:Class,污水处理及其再生利用
25.0,:Class,海水淡化处理
26.0,:Class,其他水的处理、利用与分配
27.0,:Class,石油开采
28.0,:Class,天然气开采
29.0,:Class,电力生产
30.0,:Class,电力供应
31.0,:Class,热力生产和供应
32.0,:Class,基础化学原料制造
33.0,:Class,肥料制造
34.0,:Class,农药制造
35.0,:Class,涂料、油墨、颜料及类似产品制造
36.0,:Class,合成材料制造
37.0,:Class,专用化学产品制造
38.0,:Class,炸药、火工及焰火产品制造
39.0,:Class,日用化学产品制造
40.0,:Class,租赁业
41.0,:Class,商务服务业
42.0,:Class,金属制品修理
43.0,:Class,通用设备修理
44.0,:Class,专用设备修理
45.0,:Class,铁路、船舶、航空航天等运输设备修理
46.0,:Class,电气设备修理
47.0,:Class,仪器仪表修理
48.0,:Class,其他机械和设备修理业
49.0,:Class,焙烤食品制造
50.0,:Class,糖果、巧克力及蜜饯制造
51.0,:Class,方便食品制造
52.0,:Class,乳制品制造
53.0,:Class,罐头食品制造
54.0,:Class,调味品、发酵制品制造
55.0,:Class,其他食品制造
56.0,:Class,烟叶复烤
57.0,:Class,卷烟制造
58.0,:Class,其他烟草制品制造
59.0,:Class,农副食品加工
60.0,:Company1,三全食品股份有限公司
61.0,:Company,北京嘉华汇诚科技股份有限公司
62.0,:Company,成都博智维讯信息技术股份有限公司
63.0,:Company,河南黄国粮业股份有限公司
64.0,:Company,河南润泽建筑工程有限公司
65.0,:Company,河南双丰冷链物流有限公司
66.0,:Company,漯河市众益达食品有限公司
67.0,:Company,引力传媒股份有限公司
68.0,:Company,郑州华英包装股份有限公司
69.0,:Company,安徽首宿州监狱
70.0,:Company,北京世纪香恋食品有限公司
71.0,:Company,北京物美综合超市有限公司
72.0,:Company,第十一届全国少数民族传统体育运动会执行工作委员会
73.0,:Company,福建海峡军民融合产业发展有限公司
74.0,:Company,河南九头崖集团平顶山商业连锁有限公司
75.0,:Company,湖南首新一佳商业投资有限公司
76.0,:Company,浏阳市市场监督管理局
77.0,:Company,内蒙古自治区市场监督管理局
78.0,:Company,上海三全食品有限公司
79.0,:Company,苏果超市有限公司
80.0,:Company,沃尔玛（中国）投资有限公司
81.0,:Company,武汉三全商贸有限公司
82.0,:Company,张家口弘兴商贸有限公司
83.0,:Company,重庆商社新世纪百货连锁经营有限公司
84.0,:Company2,三全食品股份有限公司苏州分公司
85.0,:Company2,三全食品股份有限公司成都分公司
86.0,:Company2,三全食品股份有限公司天津分公司
87.0,:Company2,三全食品股份有限公司广州分公司
88.0,:Company2,郑州三全食品股份有限公司太仓分公司
89.0,:Company2,郑州三全食品股份有限公司南京分公司
90.0,:Company2,郑州三全食品股份有限公司昆明分公司
91.0,:Company2,郑州三全食品股份有限公司武汉分公司
92.0,:Company2,郑州三全食品股份有限公司杭州分公司
93.0,:Company2,郑州三全食品股份有限公司北京分公司
94.0,:Company2,郑州三全食品股份有限公司沈阳分公司
95.0,:Company2,郑州三全食品股份有限公司广州经营部
96.0,:Company2,郑州三全食品股份有限公司哈尔滨分公司
97.0,:Person,陈南
98.0,:Person,陈希
99.0,:Person,陈泽民
100.0,:Person,贾岭达
101.0,:Person,上海明河投资管理有限公司-明河2016私募证券投资基金
102.0,:Person,香港中央结算有限公司
103.0,:Person,上海明河投资管理有限公司-明河成长2号私募证券投资基金
104.0,:Software,速冻行业平库WMS系统
105.0,:Software,5G视频实时采集系统
106.0,:Software,基于事件消息的事件管理软件
107.0,:Software,速冻食品机器学习目标自动标注系统
108.0,:Software,速冻食品视觉检测数字仿真系统
109.0,:Software,数据可视化开发工具软件
110.0,:Software,三全工业互联网平台开发者中心软件
111.0,:Software,速冻生产流程管理软件
112.0,:Software,速冻饺外观视觉实时检测系统
113.0,:Software,三全工业互联网机理模型3D模型软件
114.0,:Software,三全工业互联网应用商店平台
115.0,:Software,工业APP可视化开发软件
116.0,:Software,质量督察系统
117.0,:Software,速冻行业智能冷链物流系统
118.0,:Software,DMS订单协同平台
119.0,:Software,速冻行业对账协同系统
120.0,:Software,速冻行业供应链送货系统
121.0,:Software,速冻行业安全督查系统
122.0,:Software,速冻行业SFA移动营销拜访系统
123.0,:Software,速冻行业TPM管理系统
124.0,:Software,速冻行业生产在线品质管控系统
125.0,:Software,速冻行业招投标系统
126.0,:Software,高管行事历系统
127.0,:Bidding,全国分仓仓配一体供应商遴选公告
128.0,:Bidding,某部采购自热食品采购结果公示（2025-JLDCMA-W4001）
129.0,:Bidding,食品（第7、8包）（二次）中标（成交）结果公示
130.0,:Bidding,某单位自热食品采购项目中标结果公示
131.0,:Bidding,镇江某单位即食食品采购项目中标候选人公示
132.0,:Bidding,宿州监狱2020年春节水饺采购项目招标公告
133.0,:Bidding,第十一届全国少数民族传统体育运动会执行工作委员会关于第十一届全国少数民族传统体育运动会速食盒饭采购项目合同公示
134.0,:Bidding,河南第十一届全国少数民族传统体育运动会执行工作委员会关于第十一届全国少数民族传统体育运动会速食盒饭采购项目中标公告
135.0,:Bidding,第十一届全国少数民族传统体育运动会执行工作委员会关于第十一届全国少数民族传统体育运动会速食盒饭采购项目中标公告
136.0,:Bidding,第十一届全国少数民族传统体育运动会执行工作委员会关于第十一届全国少数民族传统体育运动会速食盒饭采购项目中标公告
137.0,:Employee,陈南
138.0,:Employee,贾岭达
139.0,:Employee,黄继红
140.0,:Employee,任彦君
141.0,:Employee,李苍箐
142.0,:Employee,陈希
143.0,:Employee,李娜
144.0,:Employee,陈泽民
145.0,:Employee,张雷
146.0,:Employee,李玉
147.0,:Employee,庞德红
148.0,:Employee,李涵
149.0,:Employee,张云
150.0,:Employee,谷贵浩
151.0,:Employee,杨志
152.0,:Employee,张宁鹤
153.0,:Employee,王凯旭
154.0,:Patent,汤圆（熊猫）
155.0,:Patent,速冻饺子上料机
156.0,:Patent,速冻食品检设备
157.0,:Patent,速冻食品翻转输送机构
158.0,:Patent,包装盒（粽享好礼）
159.0,:Patent,包装盒（铂尊）
160.0,:Patent,包装盒（金尊）
161.0,:Patent,包装盒（鸿运礼粽）
162.0,:Patent,包装盒（粽友好礼）
163.0,:Patent,包装盒（五月尚品）
164.0,:Patent,包装盒（粽情好礼）
165.0,:Patent,包装盒（三全心意）
166.0,:Patent,包装盒（浓情团圆）
167.0,:Patent,包装盒（威风藤盒）
168.0,:Patent,披萨饼底（蒸芯）
169.0,:Patent,披萨饼底（拱形）
170.0,:Patent,包装袋（状元水饺）
171.0,:Patent,包装袋（八宝饭）
172.0,:Patent,花卷分切成型装置及分切成型机
173.0,:Patent,披萨
174.0,:Patent,包装袋（魔法冰花煎饺）
175.0,:Patent,披萨
176.0,:Patent,包装袋（手抓饼）
177.0,:Patent,包装袋（椒香小酥肉）
178.0,:Patent,包装袋（动物威虎肉酱包）
179.0,:Patent,包装袋（三全糯米糕粽）
180.0,:Patent,包装袋（彩蔬水饺）
181.0,:Patent,包装袋（福字汤圆）
182.0,:Patent,包装袋（新状元水饺系列一）
183.0,:Patent,面点（老虎）
184.0,:Patent,包装袋（香糯汤圆）
185.0,:Patent,包装袋（福满过牛排）
186.0,:Patent,包装袋（三全锁鲜系列）
187.0,:Patent,包装袋（上汤小云吞）
188.0,:Patent,包装底板（潮烤汇锁鲜系列）
189.0,:Patent,包装袋（潮烤汇火锅底料）
190.0,:Patent,包装底板（潮烤汇火锅油碟）
191.0,:Patent,包装底板（潮烤汇豆制晶）
192.0,:Patent,包装袋（潮烤汇芝麻酱）
193.0,:Patent,包装底板（潮烤汇午餐肉）
194.0,:Patent,包装袋（潮烤汇牛排）
195.0,:Patent,包装带封贴（潮烤汇肉制品）
196.0,:Patent,包装袋（潮烤汇肉卷）
197.0,:Patent,一种具有防物种损坏的组合称重系统
198.0,:Patent,包装袋（牛气红豆包）
199.0,:Patent,包装封套（台式卤肉饭）
200.0,:Patent,包装封套（咖喱牛腩饭）
201.0,:Patent,包装封套（黑椒牛肉饭）
202.0,:Patent,包装袋（清真包子）
203.0,:Patent,包装封套（宫保鸡丁饭）
204.0,:Patent,包装袋（花样金鱼馄饨系列）
205.0,:Patent,包装袋（炫彩一粒双色小圆子）
206.0,:Patent,包装袋（果然多水果汤圆系列）
207.0,:Patent,一次成型的合模机构
208.0,:Patent,包装袋（火锅档系列）
209.0,:Patent,包装袋（咸肉）
210.0,:Patent,红油辣复合调味料及其制作方法
211.0,:Patent,包装袋（杭州风味发面小笼包）
212.0,:Patent,包装袋（素水饺香菇青菜）
213.0,:Patent,包装袋（素水饺青菜鸡蛋）
214.0,:Patent,包装袋（动物威）
215.0,:Patent,包装袋（腊汁肉夹馍）
216.0,:Patent,包装袋（仙芋小汤圆）
217.0,:Patent,包装袋（水果汤圆）
218.0,:Patent,一种自加热袋
219.0,:Patent,面点（小牛）
220.0,:Patent,包装袋（螺蛳）
221.0,:Patent,包装袋（虎娘）
222.0,:Patent,包装袋（熊猫）
223.0,:Patent,面点（熊猫）
224.0,:Patent,面点（蜜蜂）
225.0,:Patent,面点（乌龟）
226.0,:Patent,面点（牛牛）
227.0,:Patent,预定型制粽工艺
228.0,:Patent,一种客流量反馈器
229.0,:Patent,一种连续自动醒发塔
230.0,:Patent,速冻面点（动物团小黄鸭）
231.0,:Patent,速冻面点（动物团小象）
232.0,:Patent,速冻面点（动物团兔兔）
233.0,:Patent,速冻面点（动物团小松鼠）
234.0,:Patent,速冻面点（动物团长颈鹿）
235.0,:Patent,速冻面点（动物团小松鼠）
236.0,:Patent,包装袋（汤圆系列五）
237.0,:Patent,包装袋（汤圆系列四）
238.0,:Patent,包装袋（汤圆系列一）
239.0,:Patent,包装袋（汤圆系列三）
240.0,:Patent,包装袋（汤圆系列二）
241.0,:Patent,包装袋（三全御膳私厨四）
242.0,:Patent,包装袋（三全御膳私厨三）
243.0,:Patent,包装袋（三全御膳私厨二）
244.0,:Patent,包装袋（三全御膳私厨一）
245.0,:Patent,包装袋（虾水饺系列）
246.0,:Patent,包装袋（迷你水饺系列）
247.0,:Patent,包装袋（广式面点系列）
248.0,:Patent,包装袋（动物团系列）
249.0,:Patent,包装袋（六福汤圆）
250.0,:Patent,包装袋（汤圆系列）
251.0,:Patent,包装盒（元气宝贝牛排）
252.0,:Patent,包装盒（静腌牛排系列）
253.0,:Patent,包装盒（整切牛排系列）
254.0,:Patent,包装盒（牛排系列）
255.0,:Patent,包装袋（黑椒牛排）
256.0,:Patent,包装袋（汤圆系列）
257.0,:Patent,包装袋（水饺系列）
258.0,:Patent,包装袋（香糯汤圆系列）
259.0,:Patent,包装袋（鸡蛋干纸杯蒸系列）
260.0,:Patent,包装盒套件（心服粽）
261.0,:Patent,手撕袋（心服粽）
262.0,:Patent,一种油烟头入烟机
263.0,:Patent,旋转备台式自动售货机
264.0,:Patent,旋转备台及售货机
265.0,:Patent,旋转备台及售货机
266.0,:Patent,取货门及售货机
267.0,:Patent,筷子站立引导机构
268.0,:Patent,一种饺子站立引导机构和滚模式饺子机
269.0,:Patent,一种饺子站立引导机构
270.0,:Patent,包装袋（开花馒头系列）
271.0,:Patent,包装袋（彩蝶花卷系列）
272.0,:Patent,包装袋（炫彩小汤圆系列）
273.0,:Patent,包装袋（炫彩一粒双色小圆子）
274.0,:Patent,包装袋（果然多水果汤圆系列）
275.0,:Patent,一次成型的合模机构
276.0,:Patent,花式汤圆
277.0,:Patent,汤圆托盘
278.0,:Patent,开花包子
279.0,:Patent,开花馒头（红糖）
280.0,:Patent,开花馒头（紫薯南瓜黑米）
281.0,:Patent,花卷（双色蝴蝶）
282.0,:Patent,花卷（702栈道系列）
283.0,:Patent,包装袋（702经典系列）
284.0,:Patent,包装袋（702东北系列）
285.0,:Patent,一种速冻微波蒸饪及其制备方法
286.0,:Patent,点心（心形带馅芝士）
287.0,:Patent,点心（贝壳海盐芝士）
288.0,:Patent,一种汤圆自动灌装机
289.0,:Class,结构性金属制品制造
290.0,:Class,金属工具制造
291.0,:Class,集装箱及金属包装容器制造
292.0,:Class,金属丝绳及其制品制造
293.0,:Class,建筑、安全用金属制品制造
294.0,:Class,金属表面处理及热处理加工
295.0,:Class,搪瓷制品制造
296.0,:Class,金属制日用品制造
297.0,:Class,铸造及其他金属制品制造
298.0,:Class,锅炉及原动设备制造
299.0,:Class,金属加工机械制造
300.0,:Class,物料搬运设备制造
301.0,:Class,泵、阀门、压缩机及类似机械制造
302.0,:Class,轴承、齿轮和传动部件制造
303.0,:Class,烘炉、风机、包装等设备制造
304.0,:Class,文化、办公用机械制造
305.0,:Class,通用零部件制造
306.0,:Class,其他通用设备制造业
307.0,:Class,采矿、冶金、建筑专用设备制造
308.0,:Class,化工、木材、非金属加工专用设备制造
309.0,:Class,食品、饮料、烟草及饲料生产专用设备制造
310.0,:Class,印刷、制药、日化及日用品生产专用设备制造
311.0,:Class,纺织、服装和皮革加工专用设备制造
312.0,:Class,电子和电工机械专用设备制造
313.0,:Class,农、林、牧、渔专用机械制造
314.0,:Class,医疗仪器设备及器械制造
315.0,:Class, 环保、邮政、社会公共服务及其他专用设备制造
316.0,:Class,汽车整车制造
317.0,:Class,汽车用发动机制造
318.0,:Class,改装汽车制造
319.0,:Class,低速汽车制造
320.0,:Class,电车制造
321.0,:Class,汽车车身、挂车制造
322.0,:Class,汽车零部件及配件制造
323.0,:Class,铁路运输设备制造
324.0,:Class,城市轨道交通设备制造
325.0,:Class,船舶及相关装置制造
326.0,:Class,航空、航天器及设备制造
327.0,:Class,摩托车制造
328.0,:Class,自行车和残疾人座车制造
329.0,:Class,助动车制造
330.0,:Class,非公路休闲车及零配件制造
331.0,:Class,潜水救捞及其他未列明运输设备制造
332.0,:Class,电机制造
333.0,:Class,输配电及控制设备制造
334.0,:Class,电线、电缆、光缆及电工器材制造
335.0,:Class,电池制造
336.0,:Class,家用电力器具制造
337.0,:Class,非电力家用器具制造
338.0,:Class,照明器具制造
339.0,:Class,其他电气机械及器材制造
340.0,:Class,计算机制造
341.0,:Class,通信设备制造
342.0,:Class,广播电视设备制造
343.0,:Class,雷达及配套设备制造
344.0,:Class,非专业视听设备制造
345.0,:Class,智能消费设备制造
346.0,:Class,电子器件制造
347.0,:Class,电子元件及电子专用材料制造
348.0,:Class,其他电子设备制造
349.0,:Class,通用仪器仪表制造
350.0,:Class,专用仪器仪表制造
351.0,:Class,钟表与计时仪器制造
352.0,:Class,光学仪器制造
353.0,:Class,衡器制造
354.0,:Class,其他仪器仪表制造业
355.0,:Company1,宇通客车股份有限公司
356.0,:Company,景蓝（吉林省）传媒影视制作有限公司
357.0,:Company,西域旅游开发股份有限公司
358.0,:Company,张家界易程天下环保客运有限公司
359.0,:Company,怒江傈僳族自治州中心血站
360.0,:Company,安吉县公共交通服务有限公司
361.0,:Company,成都医学院
362.0,:Company,喜德县人民医院
363.0,:Company,文成县红枫公交有限公司
364.0,:Company,深圳能源集团股份有限公司
365.0,:Company,上海海关学院
366.0,:Company,中国工程物理研究院科研保障中心
367.0,:Company,海西蒙古族藏族自治州人民政府办公室
368.0,:Company,湖北省鄂旅投旅游发展股份有限公司
369.0,:Company,浙江省义乌市恒风国际旅游有限公司
370.0,:Company,漯河市文旅产业投资集团有限公司
371.0,:Company,江门市文旅交通投资集团有限公司
372.0,:Company,乐昌市人民政府机关事务中心
373.0,:Company,东风汽车股份有限公司
374.0,:Company,敦化市公安局
375.0,:Company,黄冈市公共交通发展有限公司
376.0,:Company,登封市公共交通运营有限公司
377.0,:Company,重庆大学附属涪陵医院（重庆市涪陵中心医院、重庆市医疗急救中心涪陵分中心、重庆市微创外科研究所）
378.0,:Company,山东睿航文化旅游开发有限公司
379.0,:Company,延安市公共交通有限责任公司
380.0,:Company,阿坝州大九寨文化旅游投资发展集团有限责任公司
381.0,:Company,广东省湛江汽车运输集团有限公司
382.0,:Company,吉首市天行健文化旅游投资开发有限责任公司
383.0,:Company,承德避暑山庄旅游股份有限公司
384.0,:Company,拉萨市交通运输局
385.0,:Company,舟山市金塘汇通汽车运输有限公司
386.0,:Company,盱眙国联车辆维修服务有限公司
387.0,:Company,丽江民航蓝天旅游汽车服务有限责任公司
388.0,:Company,东航资产投资管理有限公司
389.0,:Company,宁波公运集团股份有限公司
390.0,:Company,邯郸公交旅游出租汽车有限公司
391.0,:Company,新疆生产建设兵团疾病预防控制中心
392.0,:Company,东营市公共交通集团有限公司
393.0,:Company,西藏米林市南伊文旅开发有限公司
394.0,:Company,浙江大元通商务旅游汽车有限公司
395.0,:Company,缙云县缙情游交通服务有限公司
396.0,:Company,重庆市汽车运输（集团）有限责任公司
397.0,:Company,重庆交运汇达实业有限公司
398.0,:Company,晋城市机关事务服务中心
399.0,:Company,厦门航空有限公司
400.0,:Company,青海中信国安锂业发展有限公司
401.0,:Company,重庆市汽车运输（集团）有限责任公司丰都分公司
402.0,:Company,万里运业股份有限公司
403.0,:Company,新疆喀纳斯旅游发展股份有限公司
404.0,:Company,重庆长寿文旅运营管理股份有限公司
405.0,:Company,富宁通达农村运输有限责任公司
406.0,:Company,红河哈尼族彝族自治州中心血站
407.0,:Company,开封市中心血站
408.0,:Company,安远县城市公共交通有限公司
409.0,:Company,衢州市公安局
410.0,:Company,省人民检察院
411.0,:Company,凯里安好行公共交通有限责任公司
412.0,:Company,宿州煤电（集团）有限公司
413.0,:Company,浙江中大元通商务旅游汽车有限公司
414.0,:Company,浙江恒风集团有限公司
415.0,:Company,黑龙江省机场管理集团有限公司
416.0,:Company,永州市皮肤病防治所（永州市皮肤病医院）
417.0,:Company,涟水县交通产业发展（集团）有限公司
418.0,:Company,寿光市学府校车服务有限公司
419.0,:Company,纳雍县骏驰城市公共交通客运有限责任公司
420.0,:Company,金沙鼓韵城市公共交通客运有限责任公司
421.0,:Company,原阳县金驰汽车租赁服务有限公司
422.0,:Company,中国建设银行股份有限公司江西省分行
423.0,:Company,仪征市汇通公交客运有限公司
424.0,:Company,雷州市城区公共汽车有限公司
425.0,:Company,厦门市政体育培训管理有限公司
426.0,:Company,新宁县盛城客货邮融合发展有限公司
427.0,:Company,宜昌长源资产运营管理有限责任公司
428.0,:Company,遂昌县交通运输有限公司
429.0,:Company,威海刘公岛景区旅游服务有限公司
430.0,:Company,黔西市恒通公共交通客运有限责任公司
431.0,:Company,新昌县汇通商贸有限公司
432.0,:Company,窑街煤电集团有限公司铁路运输公司
433.0,:Company,杭州市余杭公共交通有限公司
434.0,:Company,林芝市林安交通产业集团有限公司
435.0,:Company,红河哈尼族彝族自治州机关事务管理局
436.0,:Company,中华人民共和国内蒙古出入境边防检查总站（内蒙古自治区公安厅边境管理总队）
437.0,:Company,电建核电公司
438.0,:Company,哈密职业技术学院（哈密职业技术学校、哈密市工业中专学校、哈密市高级技工学校、哈密农业学校、新疆农业广播电视学校哈密市分校、哈密市卫生学校）
439.0,:Company,洛阳万山湖旅游有限公司
440.0,:Company,重庆长途汽车运输（集团）有限公司
441.0,:Company,重庆公路运输（集团）有限公司第三分公司
442.0,:Company,重庆长途汽车运输（集团）有限公司潼南分公司
443.0,:Company,天津市消防救援总队（天津市消防救援局）
444.0,:Company,通辽市中心血站
445.0,:Company,曲靖市消防救援支队（曲靖市消防救援局）
446.0,:Company,重庆公路运输（集团）有限公司渝北分公司
447.0,:Company,广西壮族自治区政府采购中心（已注销）
448.0,:Company,洛川县公安局
449.0,:Company,湖北省襄阳市凤鸣机动车驾驶培训有限公司
450.0,:Company,重庆市汽车运输（集团）有限责任公司綦江分公司
451.0,:Company,隆回县城乡公共客运有限公司
452.0,:Company,豫章师范学院
453.0,:Company,中国安能建设集团有限公司
454.0,:Company,华电金沙江上游水电开发有限公司
455.0,:Company,沈阳市铁西区人民法院
456.0,:Company,北京大学
457.0,:Company,应急总医院（煤炭总医院）
458.0,:Company,山东交运旅游集团有限公司
459.0,:Company,湖北香城校车服务有限公司
460.0,:Company,临颍县机关事务中心
461.0,:Company,湖南省应急管理厅
462.0,:Company,海东市公共交通集团有限责任公司
463.0,:Company,临沧市中心血站
464.0,:Company,合肥新桥国际机场有限公司
465.0,:Company,重庆公路运输（集团）有限公司
466.0,:Company,保靖县幼儿园
467.0,:Company,盱眙民众校车服务有限公司
468.0,:Company,酉阳县桃花源运输股份有限公司
469.0,:Company,靖江弘宇公共交通客运有限公司
470.0,:Company,新疆和远公共交通有限责任公司
471.0,:Company,远安县全运公共交通运输有限公司
472.0,:Company,四川华川工业股份有限公司
473.0,:Company,吉林市职业病防治院
474.0,:Company,伽师县米夏乡卫生院
475.0,:Company,宁波市公共交通集团有限公司
476.0,:Company,云南省消防救援总队（云南省消防救援局）
477.0,:Company,郑州航空港经济综合实验区消防救援支队
478.0,:Company,云和县交投公共用车服务有限公司
479.0,:Company,莒县国运客运有限公司
480.0,:Company,莒县博雅校车服务有限公司
481.0,:Company,湖南机场股份有限公司常德桃花源机场分公司
482.0,:Company,霍山县顺通巴士有限公司
483.0,:Company,苍南县交通发展集团有限公司
484.0,:Company,长沙市公安局特巡警支队
485.0,:Company,中国河南国际合作集团有限公司
486.0,:Company,仁怀市交通运输服务有限公司
487.0,:Company,祁阳市应急管理局
488.0,:Company,五台公共交通有限公司
489.0,:Company,河源市粤运绿都公共交通有限公司
490.0,:Company,长春市公安局双阳区分局
491.0,:Company,长春市公安局
492.0,:Company,北京理工大学
493.0,:Company,中国石化国际事业有限公司
494.0,:Company,重庆市南川区中医医院（重庆市南川区西城街道社区卫生服务中心）
495.0,:Company,庆安县交通运输综合行政执法大队
496.0,:Company,中煤新集能源股份有限公司
497.0,:Company,西安交通大学第一附属医院榆林医院
498.0,:Company,昆山市公共交通集团有限公司
499.0,:Company,湖北孝达交通投资有限公司
500.0,:Company,中化能源科技有限公司上海分公司
501.0,:Company,邯郸市公共交通集团有限公司
502.0,:Company,中广核白鹭综合服务（深圳）有限公司
503.0,:Company,中国科学院空天信息创新研究院
504.0,:Company,青岛城运文化旅游集团新能源汽车销售有限公司
505.0,:Company,邢台市中心血站
506.0,:Company,晋能控股煤业集团有限公司矿山救护大队
507.0,:Company,贵州黄果树旅游发展有限公司
508.0,:Company,丹江口市公共汽车公司
509.0,:Company,太湖县龙山客运服务有限责任公司
510.0,:Company,滁州市城际公共交通有限公司
511.0,:Company,国家外汇管理局
512.0,:Company,中核国电漳州能源有限公司
513.0,:Company,舟山海星外事旅游客运有限公司
514.0,:Company,鄂州市华容区畅达公共汽车有限公司
515.0,:Company,信阳市消防救援支队（信阳市消防救援局）
516.0,:Company,中国共产党阜平县委员会本级
517.0,:Company,山西地质集团有限公司
518.0,:Company,伊春市公共汽车有限公司
519.0,:Company,采购人委
520.0,:Company,广西壮族自治区消防救援总队（广西壮族自治区消防救援局）
521.0,:Company,新乡市南太行交通运输有限公司
522.0,:Company,巴楚县交通运输局
523.0,:Company,重庆市汽车运输（集团）有限责任公司二分公司
524.0,:Company,重庆市万州汽车运输（集团）有限责任公司
525.0,:Company,麻城金运公共交通发展有限公司
526.0,:Company,天津市西青区机关事务管理服务中心机关
527.0,:Company,重庆公路运输（集团）有限公司第九分公司
528.0,:Company,南京淳科公交有限公司
529.0,:Company,福建省疾病预防控制中心（福建省健康教育促进中心、福建省卫生检验检测中心）
530.0,:Company,湟源公共交通运输有限责任公司
531.0,:Company,淅川县城市公共交通有限公司
532.0,:Company,山东高速泰安发展有限公司
533.0,:Company,咸阳市中心血站
534.0,:Company,陕西省疾病预防控制中心（陕西省预防医学科学院）
535.0,:Company,修武县文化广电和旅游局
536.0,:Company,中国人民政治协商会议河南省委员会办公厅
537.0,:Company,徐闻县机关事务管理局
538.0,:Company,广元市中心血站
539.0,:Company,萍乡市公安局安源分局
540.0,:Company,海南省机关事务管理局（海南省接待办公室）
541.0,:Company,中国南方航空股份有限公司航空服务部
542.0,:Company,中国核工业华兴建设有限公司
543.0,:Company,江苏省宿迁市泗洪县孙园镇张塘社区居民委员会
544.0,:Company,西宁市公安局
545.0,:Company,重庆市万州汽车运输（集团）有限责任公司第三分公司
546.0,:Company,庆阳公共交通集团有限公司
547.0,:Company,广东省中医院贵州医院（贵州省中医医院贵州中医药大学附属贵阳医院）
548.0,:Company,东至县大渡口公交有限责任公司
549.0,:Company,阳泉市公共交通有限责任公司
550.0,:Company,玛纳斯县公共交通有限责任公司
551.0,:Company,兰州公交集团有限公司
552.0,:Company,聊城市应急管理局
553.0,:Company,新乡市消防救援支队（新乡市消防救援局）
554.0,:Company,中国核工业建设股份有限公司
555.0,:Company,湖南常德欣运集团股份有限公司
556.0,:Company,郑州市公安局
557.0,:Company,深圳核电环通汽车服务有限公司
558.0,:Company,寿宁县通达公交有限公司
559.0,:Company,漯河市公交集团有限公司
560.0,:Company,南方电网电动汽车服务有限公司
561.0,:Company,广州市胸科医院（广州市结核病防治所、广州市结核病治疗中心）
562.0,:Company,伊犁哈萨克自治州消防救援支队本级
563.0,:Company,宿迁市城市公共交通有限公司
564.0,:Company,萧县机关事务管理中心
565.0,:Company,安徽省消防救援总队（安徽省消防救援局）
566.0,:Company,榆林市公共交通总公司
567.0,:Company,兵地融合发展草湖项目区党委办公室
568.0,:Company,滑县机关事务中心
569.0,:Company,广东省接待办公室
570.0,:Company,甘肃省消防救援总队
571.0,:Company,固镇县城市公交有限公司
572.0,:Company,余姚市公共交通有限公司
573.0,:Company,舟山市公安局
574.0,:Company,监利市丰盈交通投资有限公司
575.0,:Company,五莲交通发展集团有限公司
576.0,:Company,临沂市公共交通集团有限公司
577.0,:Company,中国国际航空股份有限公司
578.0,:Company,湖北宜昌交运松滋有限公司运务分公司
579.0,:Company,淮北市杜集区机关事务管理中心
580.0,:Company,深圳市应急管理局
581.0,:Company,上海大屯能源股份有限公司物资贸易公司
582.0,:Company,兴安盟公安局
583.0,:Company,张家口通泰运输集团有限公司赤城公共交通分公司
584.0,:Company,赤水市中心血库
585.0,:Company,荆州神通汽车运输集团有限公司
586.0,:Company,芦山县人民法院
587.0,:Company,开封市交通运输局
588.0,:Company,黑龙江省森林消防总队
589.0,:Company,南阳市公共交通集团有限责任公司
590.0,:Company,浦江县公安局
591.0,:Company,尉氏县金运公交有限公司
592.0,:Company,焦作市消防救援支队（焦作市消防救援局）
593.0,:Company,金华市公安局婺城分局
594.0,:Company,浙江省消防救援总队（浙江省消防救援局）
595.0,:Company,安徽省蚌埠市汽车运输集团公交有限公司
596.0,:Company,东阳市惠民公共交通有限公司
597.0,:Company,安徽交运集团滁州汽运有限公司凤阳城市公交分公司
598.0,:Company,宝鸡市中心血站
599.0,:Company,七台河市公共交通有限公司
600.0,:Company,南通汽运实业集团有限公司
601.0,:Company,麟游县城乡公共交通运输有限公司
602.0,:Company,安徽交运集团滁州汽运有限公司定远城市公交分公司
603.0,:Company,山东商河交通运输有限公司
604.0,:Company,沧州公共交通集团有限公司
605.0,:Company,双峰县城乡建设投资集团有限公司
606.0,:Company,威宁县起航客运有限责任公司
607.0,:Company,梧州市城建公共交通有限公司
608.0,:Company,青阳公共交通有限公司
609.0,:Company,无锡新区公共交通有限公司
610.0,:Company,日照市公共交通集团有限公司
611.0,:Company,南通市通州区畅行公共交通有限公司
612.0,:Company,东莞市石排镇党政综合办公室
613.0,:Company,项城市国控城市公共交通客运有限公司
614.0,:Company,遴选人黄石市城市公交集团有限公司
615.0,:Company,秦皇岛公共交通有限责任公司
616.0,:Company,郑州旅游职业学院
617.0,:Company,江西省消防救援总队
618.0,:Company,清镇市直属机关事务服务中心
619.0,:Company,邓州市交通运输局
620.0,:Company,招远市国鑫公共交通运输有限公司
621.0,:Company,常州市金坛区公共交通有限公司
622.0,:Company,开平市国顺公共交通有限公司
623.0,:Company,广西机场管理集团南宁吴圩国际机场有限公司
624.0,:Company,驻马店市消防救援支队（驻马店市消防救援局）
625.0,:Company,玉溪市公共汽车服务公司
626.0,:Company,安徽合肥新站高新技术产业开发区党政办公室
627.0,:Company,高州市人民医院
628.0,:Company,中国国际经济技术交流中心
629.0,:Company,江阴市公共交通有限公司
630.0,:Company,咸丰县城市公交有限责任公司
631.0,:Company,唐山市公共交通集团有限公司
632.0,:Company,淮南市公共交通有限责任公司
633.0,:Company,商丘市纪检监察宣传教育中心（商丘市监察委员会留置管理中心）
634.0,:Company,寻甸回族彝族自治县人民政府办公室
635.0,:Company,习水县绿洲公共交通有限责任公司
636.0,:Company,海盐鸿远公共交通有限公司
637.0,:Company,广州公交集团汽车服务有限公司
638.0,:Company,浙江迈未交通运输有限公司公交分公司
639.0,:Company,博罗县公安局
640.0,:Company,鞍山市交通运输集团有限公司
641.0,:Company,枣阳市同达客运有限公司
642.0,:Company,民和鸿安旅游运输有限公司
643.0,:Company,广州市人民代表大会常务委员会办公厅
644.0,:Company,烟台市公交集团有限公司
645.0,:Company,河北省血液中心（河北省输血研究所）
646.0,:Company,乐清公交客运有限公司
647.0,:Company,自贡市公交集团有限责任公司
648.0,:Company,金华市公交集团有限公司
649.0,:Company,平凉市中心血站
650.0,:Company,枝江市安捷交通运输有限责任公司
651.0,:Company,河北雄安二手车交易市场有限公司
652.0,:Company,徐州市公共交通集团有限公司
653.0,:Company,重庆市公共交通控股（集团）有限公司
654.0,:Company,宁波市镇海公共交通有限公司
655.0,:Company,常州市公共交通集团有限责任公司
656.0,:Company,松潘县公务服务中心
657.0,:Company,祁连县教育局
658.0,:Company,恒达巴士股份有限公司
659.0,:Company,衡水市公共交通服务中心
660.0,:Company,杭州市南郊监狱
661.0,:Company,天津泰达供应链管理有限公司
662.0,:Company,中核通辽铀业有限责任公司
663.0,:Company,兴化市公共交通有限公司
664.0,:Company,菏泽市中心血站
665.0,:Company,汉中市中心血站（汉中市献血委员会办公室）
666.0,:Company,玉林市福绵区直属机关后勤服务中心
667.0,:Company,全南县公用交通投资有限公司
668.0,:Company,内蒙古自治区森林消防总队
669.0,:Company,南京市机关事务管理局
670.0,:Company,江陵永通城市公交有限公司
671.0,:Company,南京中北运通旅游客运有限公司
672.0,:Company,沈阳公共资源交易中心（沈阳市政府采购中心）
673.0,:Company,周口城乡创新孵化管理有限公司
674.0,:Company,广东省广州监狱
675.0,:Company,廊运集团顺程（廊坊）交通运输有限公司
676.0,:Company,交通银行股份有限公司河南省分行
677.0,:Company,青岛交运即墨温馨巴士有限公司
678.0,:Company,攀枝花市公共交通有限责任公司
679.0,:Company,广西制造工程职业技术学院
680.0,:Company,山南市经济和信息化局（山南市人民政府国有资产监督管理委员会、山南市数据管理局）
681.0,:Company,石家庄市机关事务管理局
682.0,:Company,邢台市机关后勤服务中心
683.0,:Company,山东省交通运输集团有限公司
684.0,:Company,曲靖靖源公共汽车有限责任公司
685.0,:Company,濮阳市消防救援支队
686.0,:Company,山东省交投校车服务有限责任公司
687.0,:Company,嘉兴市国鸿公共交通有限公司
688.0,:Company,渭南市接待联络中心
689.0,:Company,辽宁省疾病预防控制中心
690.0,:Company,新疆生产建设兵团第六师奇台医院
691.0,:Company,商丘市中心血站
692.0,:Company,大同市机关事务管理局
693.0,:Company,枣庄市公共交通集团有限公司
694.0,:Company,中共遵化市委办公室本级
695.0,:Company,湖南工商大学
696.0,:Company,遵化市委办公室
697.0,:Company,井冈山市交通运输局本级
698.0,:Company,鄂尔多斯伊金霍洛国际机场有限公司
699.0,:Company,秦皇岛经济技术开发区机关事务服务中心
700.0,:Company,井冈山市交通运输局
701.0,:Company,绵阳市儿童福利院
702.0,:Company,婺源县景村公交服务有限公司
703.0,:Company,珠海汇华汽车租赁有限公司
704.0,:Company,当阳市实验幼儿园
705.0,:Company,辽宁省消防救援总队（辽宁省消防救援局）
706.0,:Company,西藏自治区森林消防总队
707.0,:Company,贵港市港北区第四初级中学
708.0,:Company,嘉兴市公共交通有限公司
709.0,:Company,海安市飞鹤公共交通有限公司
710.0,:Company,东莞市望牛墩镇人民政府
711.0,:Company,郑州市生态环境局管城分局
712.0,:Company,云南林业职业技术学院
713.0,:Company,烟台市蓬莱区教育和体育局
714.0,:Company,三亚市公共交通集团有限公司
715.0,:Company,新疆嘉信能源科技有限公司
716.0,:Company,松阳县城乡公共交通客运有限公司
717.0,:Company,荆门市公共交通集团有限公司
718.0,:Company,赤壁市公交集团有限公司
719.0,:Company,奇台县发展和改革委员会
720.0,:Company,登封嵩山少林旅游发展有限公司
721.0,:Company,江苏省连云港汽车运输有限公司
722.0,:Company,杭州长运运输集团有限公司
723.0,:Company,连云港市交控集中采购服务有限公司
724.0,:Company,邢台市机关后勤服务中心本级
725.0,:Company,北屯新建旅客运输有限责任公司
726.0,:Company,山东新升工贸有限公司
727.0,:Company,秭归县归鸿旅游综合开发有限公司
728.0,:Company,中国石油管道局工程有限公司维抢修分公司
729.0,:Company,电子科技大学中山学院
730.0,:Company,抢险中心
731.0,:Company,新乡市消防救援支队本级
732.0,:Company,共青城市公安局
733.0,:Company,云南省森林消防总队
734.0,:Company,宝应县汽车运输总公司
735.0,:Company,株洲市交通公务用车服务有限责任公司
736.0,:Company,国能物资内蒙古有限公司
737.0,:Company,萍乡市顺发旅游汽车出租有限公司
738.0,:Company,江西省机关事务管理局本级
739.0,:Company,国家粮食和物资储备局河北局九七四处
740.0,:Company,滕州市国运汽车运输有限公司
741.0,:Company,浙江省消防救援总队训练与战勤保障支队
742.0,:Company,宁波公运公共交通有限公司
743.0,:Company,本溪市机关事务管理局
744.0,:Company,绍兴市公共交通集团有限公司
745.0,:Company,山西省消防救援总队（山西省消防救援局）
746.0,:Company,丹东市消防救援支队（丹东市消防救援局）
747.0,:Company,湖北捷龙交通运业有限公司
748.0,:Company,阿拉善盟公安局
749.0,:Company,南阳市消防救援支队（南阳市消防救援局）
750.0,:Company,贵州省血液中心
751.0,:Company,浏阳市交通建设投资有限公司
752.0,:Company,广州市荔湾区人民法院
753.0,:Company,贵州电子商务职业技术学院
754.0,:Company,新疆赛里木湖旅游客运有限责任公司
755.0,:Company,常熟市公共交通有限公司
756.0,:Company,湖南大学后勤保障部
757.0,:Company,九江市濂溪区机关事务中心
758.0,:Company,铁门关市中联新运旅客运输有限公司
759.0,:Company,湖南师范大学
760.0,:Company,国家广播电视总局二0二三台
761.0,:Company,中华人民共和国曹妃甸海事局
762.0,:Company,新华通讯社浙江分社
763.0,:Company,福建省森林消防总队
764.0,:Company,祁阳市公共汽车公司
765.0,:Company,江山市城乡公交有限公司
766.0,:Company,乌鲁木齐市城市快速公交运营有限责任公司
767.0,:Company,西藏亚东县教育局
768.0,:Company,江西省机关事务管理局
769.0,:Company,鞍山市消防救援支队
770.0,:Company,贵州省机关事务管理局
771.0,:Company,中华人民共和国上海出入境边防检查总站
772.0,:Company,吉林省森林消防总队
773.0,:Company,中国神华煤制油化工有限公司鄂尔多斯煤制油分公司
774.0,:Company,烟台市蓬莱区仙境客运有限公司
775.0,:Company,凉山州农业学校
776.0,:Company,威海公共交通集团巴士有限公司
777.0,:Company,修水县妇幼保健院
778.0,:Company,西华大学
779.0,:Company,眉山市展通公交客运有限公司
780.0,:Company,营口市消防救援支队（营口市消防救援局）
781.0,:Company,智道网联科技（北京）有限公司
782.0,:Company,三门峡市消防救援支队（三门峡市消防救援局）
783.0,:Company,重庆市綦江区中心血库
784.0,:Company,鹿邑县交通运输局
785.0,:Company,甘肃省森林消防总队
786.0,:Company,海东市平安区教育局
787.0,:Company,新疆维吾尔自治区森林消防总队
788.0,:Company,威海公交集团巴士公司
789.0,:Company,珠海市公安局
790.0,:Company,厦门航空国际旅行社有限公司
791.0,:Company,有限公司
792.0,:Company,应急管理部消防救援局南京训练总队
793.0,:Company,乐清市运输集团旅游客运有限公司
794.0,:Company,济南公共交通集团有限公司
795.0,:Company,阜阳市机关事务管理处
796.0,:Company,中华人民共和国珠海出入境边防检查总站
797.0,:Company,吉安市青原区消防救援大队（吉安市青原区消防救援局）
798.0,:Company,利辛县城乡公共客运有限公司
799.0,:Company,威海公共交通集团有限公司
800.0,:Company,河北申美旅游开发集团有限公司
801.0,:Company,湖南省煤业集团有限公司
802.0,:Company,宿迁汽车客运集团有限公司
803.0,:Company,四川省社会福利有奖募捐委员会办公室（四川省福利彩票发行中心）
804.0,:Company,冀中能源峰峰集团有限公司
805.0,:Company,吉林大学第一医院
806.0,:Company,云南文山交通运输集团公司
807.0,:Company,广西壮族自治区机关车队
808.0,:Company,壮族自治区机关车队
809.0,:Company,大唐郓城发电有限公司
810.0,:Company,崇义县富畅交通发展投资有限公司
811.0,:Company,国家广播电视总局二〇二六台
812.0,:Company,福建中旅集团有限公司
813.0,:Company,三沙市建设投资集团有限公司
814.0,:Company,吕梁市人民医院
815.0,:Company,内蒙古京能双欣发电有限公司
816.0,:Company,福建省宁德市汽车运输集团有限公司
817.0,:Company,泰兴市畅达交通产业投资有限公司
818.0,:Company,林州市太行大峡谷旅游开发有限公司
819.0,:Company,广州血液中心（中国医学科学院输血研究所广州分所、广州器官移植配型中心）
820.0,:Company,西峡县公安局
821.0,:Company,四川工商职业技术学院
822.0,:Company,松原市消防救援支队本级
823.0,:Company,淮北市机关事务管理中心
824.0,:Company,陕西省发展和改革委员会机关
825.0,:Company,河南省卫生健康委员会（河南省中医药管理局）
826.0,:Company,湛江市消防救援支队（湛江市消防救援局）
827.0,:Company,舟山市消防救援支队（舟山市消防救援局）
828.0,:Company,长春市消防救援支队本级
829.0,:Company,新疆金川集团有限责任公司
830.0,:Company,芜湖市中心血站
831.0,:Company,吉林省辽源市消防救援支队
832.0,:Company,大连市公安局监所管理支队
833.0,:Company,昌吉回族自治州经济协作服务中心
834.0,:Company,交运集团有限公司
835.0,:Company,辽阳市弓长岭区交通运输局
836.0,:Company,上饶旅游客运有限公司
837.0,:Company,宁波市消防救援支队（宁波市消防救援局）
838.0,:Company,宜昌交运集团旅游客运有限公司
839.0,:Company,重庆市人民政府接待办公室汽车队
840.0,:Company,河南中医药大学第一附属医院
841.0,:Company,湖州市消防救援支队（湖州市消防救援局）
842.0,:Company,中安国泰（北京）科技发展有限公司
843.0,:Company,中化舟山危化品应急救援基地有限公司
844.0,:Company,分宜县公安局
845.0,:Company,佛山市新协力汽车运输有限公司
846.0,:Company,国家能源集团宁夏煤业有限责任公司
847.0,:Company,四川财经职业学院
848.0,:Company,黑龙江省消防救援总队
849.0,:Company,金华市浙师大后勤服务有限公司
850.0,:Company,宝山区消防救援支队（上海市宝山区消防救援局）
851.0,:Company,黔南交通运输集团有限责任公司
852.0,:Company,中国中煤国家专业应急救援队
853.0,:Company,黄龙县应急救援保障服务中心
854.0,:Company,淮北市浍铚供应链物流有限公司
855.0,:Company,甘肃省民航机场集团有限公司
856.0,:Company,河南晟豫环保科技有限公司
857.0,:Company,河南嘉祥新能源科技有限公司
858.0,:Company,河南能信环保科技有限公司
859.0,:Company,安徽中科中涣智能装备股份有限公司
860.0,:Company,凯博易控车辆科技（苏州）股份有限公司
861.0,:Company,海天消防科技股份有限公司
862.0,:Company,河南聚创环保科技有限公司
863.0,:Company,江苏微特利电机股份有限公司
864.0,:Company,深圳乔合里科技股份有限公司
865.0,:Company,河南华唐新材料股份有限公司
866.0,:Company,河南平原智能装备股份有限公司
867.0,:Company,河南恒发科技股份有限公司
868.0,:Company,北京中航讯科技股份有限公司
869.0,:Company,上海重塑能源集团股份有限公司
870.0,:Company,苏州和鑫电气股份有限公司
871.0,:Company,国安达股份有限公司
872.0,:Company,东来涂料技术（上海）股份有限公司
873.0,:Company,浙江松原汽车安全系统股份有限公司
874.0,:Company,科威尔技术股份有限公司
875.0,:Company,北京伯肯节能科技股份有限公司
876.0,:Company,上海复洁环保科技股份有限公司
877.0,:Company,北京亿华通科技股份有限公司
878.0,:Company,开勒环境科技（上海）股份有限公司
879.0,:Company,河南科益气体股份有限公司
880.0,:Company,河南环宇玻璃科技股份有限公司
881.0,:Company,郑州天迈科技股份有限公司
882.0,:Company,广州通达汽车电气股份有限公司
883.0,:Company,登封电厂集团有限公司
884.0,:Company,成都联星技术股份有限公司
885.0,:Company,北京华图供应链管理股份有限公司
886.0,:Company,中智关爱通（上海）科技股份有限公司
887.0,:Company,湖北天华智能装备股份有限公司
888.0,:Company,湖北车桥有限公司
889.0,:Company,无锡智慧龙机械有限公司
890.0,:Company,苏州金凯达机械科技股份有限公司
891.0,:Company,江苏洪昌科技股份有限公司
892.0,:Company,厦门诺瑞特实业股份有限公司
893.0,:Company,上海底特精密紧固件股份有限公司
894.0,:Company,苏州驿力机车科技股份有限公司
895.0,:Company,北京京城机电股份有限公司
896.0,:Company,北京经纬恒润科技股份有限公司
897.0,:Company,河南航天建筑工程有限公司
898.0,:Company,郑州威尔克科技有限公司
899.0,:Company,深圳市蓝泰源信息技术股份有限公司
900.0,:Company,郑州科慧科技股份有限公司
901.0,:Company,江苏龙蟠科技股份有限公司
902.0,:Company,郑州凯雪冷链股份有限公司
903.0,:Company,四川天喜车用空调股份有限公司
904.0,:Company,浙江普阳深冷装备股份有限公司
905.0,:Company,苏州天成涂装系统股份有限公司
906.0,:Company,无锡南方智能物流设备股份有限公司
907.0,:Company,石家庄通合电子科技股份有限公司
908.0,:Company,深圳市图敏智能视频股份有限公司
909.0,:Company,上海君屹工业自动化股份有限公司
910.0,:Company,哈尔滨威帝电子股份有限公司
911.0,:Company,北京元工国际科技股份有限公司
912.0,:Company,重庆机电股份有限公司
913.0,:Company,宁波高发汽车控制系统股份有限公司
914.0,:Company,三丰智能装备集团股份有限公司
915.0,:Company,深圳市万泉河科技股份有限公司
916.0,:Company,北京恒信启华信息技术股份有限公司
917.0,:Company,创元科技股份有限公司
918.0,:Company,斯太尔动力股份有限公司
919.0,:Company,旷达科技集团股份有限公司
920.0,:Company,上海华谊集团股份有限公司
921.0,:Company,张家港富瑞特种装备股份有限公司
922.0,:Company,深圳市大为创新科技股份有限公司
923.0,,
924.0,,
925.0,,
926.0,,
927.0,,
928.0,,
929.0,,
930.0,,
931.0,,
932.0,,
933.0,,
934.0,,
935.0,,
936.0,,
937.0,,
938.0,,
939.0,,
940.0,,
941.0,,
942.0,,
943.0,,
944.0,,
945.0,,
946.0,,
947.0,,
948.0,,
949.0,,
950.0,,
951.0,,
952.0,,
953.0,,
954.0,,
955.0,,
956.0,,
957.0,,
958.0,,
959.0,,
960.0,,
961.0,,
962.0,,
963.0,,
964.0,,
965.0,,
966.0,,
967.0,,
968.0,,
969.0,,
970.0,,
971.0,,
972.0,,
973.0,,
974.0,,
975.0,,
976.0,,
977.0,,
978.0,,
979.0,,
980.0,,
981.0,,
982.0,,
983.0,,
984.0,,
985.0,,
986.0,,
987.0,,
988.0,,
989.0,,
990.0,,
991.0,,
992.0,,
993.0,,
994.0,,
995.0,,
996.0,,
997.0,,
998.0,,
999.0,,
1000.0,,
1001.0,,
1002.0,,
1003.0,,
1004.0,,
1005.0,,
1006.0,,
1007.0,,
1008.0,,
1009.0,,
1010.0,,
1011.0,,
1012.0,,
1013.0,,
1014.0,,
1015.0,,
1016.0,,
1017.0,,
1018.0,,
1019.0,,
1020.0,,
1021.0,,
1022.0,,
1023.0,,
1024.0,,
1025.0,,
1026.0,,
1027.0,,
1028.0,,
1029.0,,
1030.0,,
1031.0,,
1032.0,,
1033.0,,
1034.0,,
1035.0,,
1036.0,,
1037.0,,
1038.0,,
1039.0,,
1040.0,,
1041.0,,
1042.0,,
1043.0,,
1044.0,,
1045.0,,
1046.0,,
1047.0,,
1048.0,,
1049.0,,
1050.0,,
1051.0,,
1052.0,,
1053.0,,
1054.0,,
1055.0,,
1056.0,,
1057.0,,
1058.0,,
1059.0,,
1060.0,,
1061.0,,
1062.0,,
1063.0,,
1064.0,,
1065.0,,
1066.0,,
1067.0,,
1068.0,,
1069.0,,
1070.0,,
1071.0,,
1072.0,,
1073.0,,
1074.0,,
1075.0,,
1076.0,,
1077.0,,
1078.0,,
1079.0,,
1080.0,,
1081.0,,
1082.0,,
1083.0,,
1084.0,,
1085.0,,
1086.0,,
1087.0,,
1088.0,,
1089.0,,
1090.0,,
1091.0,,
1092.0,,
1093.0,,
1094.0,,
1095.0,,
1096.0,,
1097.0,,
1098.0,,
1099.0,,
1100.0,,
1101.0,,
1102.0,,
1103.0,,
1104.0,,
1105.0,,
1106.0,,
1107.0,,
1108.0,,
1109.0,,
1110.0,,
1111.0,,
1112.0,,
1113.0,,
1114.0,,
1115.0,,
1116.0,,
1117.0,,
1118.0,,
1119.0,,
1120.0,,
1121.0,,
1122.0,,
1123.0,,
1124.0,,
1125.0,,
1126.0,,
1127.0,,
1128.0,,
1129.0,,
1130.0,,
1131.0,,
1132.0,,
1133.0,,
1134.0,,
1135.0,,
1136.0,,
1137.0,,
1138.0,,
1139.0,,
1140.0,,
1141.0,,
1142.0,,
1143.0,,
1144.0,,
1145.0,,
1146.0,,
1147.0,,
1148.0,,
1149.0,,
1150.0,,
1151.0,,
1152.0,,
1153.0,,
1154.0,,
1155.0,,
1156.0,,
1157.0,,
1158.0,,
1159.0,,
1160.0,,
1161.0,,
1162.0,,
1163.0,,
1164.0,,
1165.0,,
1166.0,,
1167.0,,
1168.0,,
1169.0,,
1170.0,,
1171.0,,
1172.0,,
1173.0,,
1174.0,,
1175.0,,
1176.0,,
1177.0,,
1178.0,,
1179.0,,
1180.0,,
1181.0,,
1182.0,,
1183.0,,
1184.0,,
1185.0,,
1186.0,,
1187.0,,
1188.0,,
1189.0,,
1190.0,,
1191.0,,
1192.0,,
1193.0,,
1194.0,,
1195.0,,
1196.0,,
1197.0,,
1198.0,,
1199.0,,
1200.0,,
1201.0,,
1202.0,,
1203.0,,
1204.0,,
1205.0,,
1206.0,,
1207.0,,
1208.0,,
1209.0,,
1210.0,,
1211.0,,
1212.0,,
1213.0,,
1214.0,,
1215.0,,
1216.0,,
1217.0,,
1218.0,,
1219.0,,
1220.0,,
1221.0,,
1222.0,,
1223.0,,
1224.0,,
1225.0,,
1226.0,,
1227.0,,
1228.0,,
1229.0,,
1230.0,,
1231.0,,
1232.0,,
1233.0,,
1234.0,,
1235.0,,
1236.0,,
1237.0,,
1238.0,,
1239.0,,
1240.0,,
1241.0,,
1242.0,,
1243.0,,
1244.0,,
1245.0,,
1246.0,,
1247.0,,
1248.0,,
1249.0,,
1250.0,,
1251.0,,
1252.0,,
1253.0,,
1254.0,,
1255.0,,
1256.0,,
1257.0,,
1258.0,,
1259.0,,
1260.0,,
1261.0,,
1262.0,,
1263.0,,
1264.0,,
1265.0,,
1266.0,,
1267.0,,
1268.0,,
1269.0,,
1270.0,,
1271.0,,
1272.0,,
1273.0,,
1274.0,,
1275.0,,
1276.0,,
1277.0,,
1278.0,,
1279.0,,
1280.0,,
1281.0,,
1282.0,,
1283.0,,
1284.0,,
1285.0,,
1286.0,,
1287.0,,
1288.0,,
1289.0,,
1290.0,,
1291.0,,
1292.0,,
1293.0,,
1294.0,,
1295.0,,
1296.0,,
1297.0,,
1298.0,,
1299.0,,
1300.0,,
1301.0,,
1302.0,,
1303.0,,
1304.0,,
1305.0,,
1306.0,,
1307.0,,
1308.0,,
1309.0,,
1310.0,,
1311.0,,
1312.0,,
1313.0,,
1314.0,,
1315.0,,
1316.0,,
1317.0,,
1318.0,,
1319.0,,
1320.0,,
1321.0,,
1322.0,,
1323.0,,
1324.0,,
1325.0,,
1326.0,,
1327.0,,
1328.0,,
1329.0,,
1330.0,,
1331.0,,
1332.0,,
1333.0,,
1334.0,,
1335.0,,
1336.0,,
1337.0,,
1338.0,,
1339.0,,
1340.0,,
1341.0,,
1342.0,,
1343.0,,
1344.0,,
1345.0,,
1346.0,,
1347.0,,
1348.0,,
1349.0,,
1350.0,,
1351.0,,
1352.0,,
1353.0,,
1354.0,,
1355.0,,
1356.0,,
1357.0,,
1358.0,,
1359.0,,
1360.0,,
1361.0,,
1362.0,,
1363.0,,
1364.0,,
1365.0,,
1366.0,,
1367.0,,
1368.0,,
1369.0,,
1370.0,,
1371.0,,
1372.0,,
1373.0,,
1374.0,,
1375.0,,
1376.0,,
1377.0,,
1378.0,,
1379.0,,
1380.0,,
1381.0,,
1382.0,,
1383.0,,
1384.0,,
1385.0,,
1386.0,,
1387.0,,
1388.0,,
1389.0,,
1390.0,,
1391.0,,
1392.0,,
1393.0,,
1394.0,,
1395.0,,
1396.0,,
1397.0,,
1398.0,,
1399.0,,
1400.0,,
1401.0,,
1402.0,,
1403.0,,
1404.0,,
1405.0,,
1406.0,,
1407.0,,
1408.0,,
1409.0,,
1410.0,,
1411.0,,
1412.0,,
1413.0,,
1414.0,,
1415.0,,
1416.0,,
1417.0,,
1418.0,,
1419.0,,
1420.0,,
1421.0,,
1422.0,,
1423.0,,
1424.0,,
1425.0,,
1426.0,,
1427.0,,
1428.0,,
1429.0,,
1430.0,,
1431.0,,
1432.0,,
1433.0,,
1434.0,,
1435.0,,
1436.0,,
1437.0,,
1438.0,,
1439.0,,
1440.0,,
1441.0,,
1442.0,,
1443.0,,
1444.0,,
1445.0,,
1446.0,,
1447.0,,
1448.0,,
1449.0,,
1450.0,,
1451.0,,
1452.0,,
1453.0,,
1454.0,,
1455.0,,
1456.0,,
1457.0,,
1458.0,,
1459.0,,
1460.0,,
1461.0,,
1462.0,,
1463.0,,
1464.0,,
1465.0,,
1466.0,,
1467.0,,
1468.0,,
1469.0,,
1470.0,,
1471.0,,
1472.0,,
1473.0,,
1474.0,,
1475.0,,
1476.0,,
1477.0,,
1478.0,,
1479.0,,
1480.0,,
1481.0,,
1482.0,,
1483.0,,
1484.0,,
1485.0,,
1486.0,,
1487.0,,
1488.0,,
1489.0,,
1490.0,,
1491.0,,
1492.0,,
1493.0,,
1494.0,,
1495.0,,
1496.0,,
1497.0,,
1498.0,,
1499.0,,
1500.0,,
1501.0,,
1502.0,,
1503.0,,
1504.0,,
1505.0,,
1506.0,,
1507.0,,
1508.0,,
1509.0,,
1510.0,,
1511.0,,
1512.0,,
1513.0,,
1514.0,,
1515.0,,
1516.0,,
1517.0,,
1518.0,,
1519.0,,
1520.0,,
1521.0,,
1522.0,,
1523.0,,
1524.0,,
1525.0,,
1526.0,,
1527.0,,
1528.0,,
1529.0,,
1530.0,,
1531.0,,
1532.0,,
1533.0,,
1534.0,,
1535.0,,
1536.0,,
1537.0,,
1538.0,,
1539.0,,
1540.0,,
1541.0,,
1542.0,,
1543.0,,
1544.0,,
1545.0,,
1546.0,,
1547.0,,
1548.0,,
1549.0,,
1550.0,,
1551.0,,
1552.0,,
1553.0,,
1554.0,,
1555.0,,
1556.0,,
1557.0,,
1558.0,,
1559.0,,
1560.0,,
1561.0,,
1562.0,,
1563.0,,
1564.0,,
1565.0,,
1566.0,,
1567.0,,
1568.0,,
1569.0,,
1570.0,,
1571.0,,
1572.0,,
1573.0,,
1574.0,,
1575.0,,
1576.0,,
1577.0,,
1578.0,,
1579.0,,
1580.0,,
1581.0,,
1582.0,,
1583.0,,
1584.0,,
1585.0,,
1586.0,,
1587.0,,
1588.0,,
1589.0,,
1590.0,,
1591.0,,
1592.0,,
1593.0,,
1594.0,,
1595.0,,
1596.0,,
1597.0,,
1598.0,,
1599.0,,
1600.0,,
1601.0,,
1602.0,,
1603.0,,
1604.0,,
1605.0,,
1606.0,,
1607.0,,
1608.0,,
1609.0,,
1610.0,,
1611.0,,
1612.0,,
1613.0,,
1614.0,,
1615.0,,
1616.0,,
1617.0,,
1618.0,,
1619.0,,
1620.0,,
1621.0,,
1622.0,,
1623.0,,
1624.0,,
1625.0,,
1626.0,,
1627.0,,
1628.0,,
1629.0,,
1630.0,,
1631.0,,
1632.0,,
1633.0,,
1634.0,,
1635.0,,
1636.0,,
1637.0,,
1638.0,,
1639.0,,
1640.0,,
1641.0,,
1642.0,,
1643.0,,
1644.0,,
1645.0,,
1646.0,,
1647.0,,
1648.0,,
1649.0,:Company2,宇通客车股份有限公司物流分公司
1650.0,:Company2,宇通客车股份有限公司铂笙酒店分公司
1651.0,:Company2,宇通客车股份有限公司乌鲁木齐销售服务分公司
1652.0,:Company2,宇通客车股份有限公司新能源客车分公司
1653.0,:Company2,宇通客车股份有限公司北京办事处
1654.0,:Company2,宇通客车股份有限公司海南旅游客运分公司
1655.0,:Company2,宇通客车股份有限公司专用车分公司
1656.0,:Company2,宇通客车股份有限公司十八里河宇通宾馆
1657.0,:Company2,宇通客车股份有限公司长春销售服务分公司
1658.0,:Company2,宇通客车股份有限公司上海销售服务分公司
1659.0,:Company2,宇通客车股份有限公司西安销售服务分公司
1660.0,:Company2,宇通客车股份有限公司广州销售服务分公司
1661.0,:Company2,宇通客车股份有限公司兰州销售服务分公司
1662.0,:Company2,宇通客车股份有限公司济南销售服务分公司
1663.0,:Company2,宇通客车股份有限公司长沙销售服务分公司
1664.0,:Company2,宇通客车股份有限公司郑州销售服务分公司
1665.0,:Company2,郑州宇通客车股份有限公司高新分公司
1666.0,:Company2,郑州宇通客车股份有限公司经开分公司
1667.0,:Company2,郑州宇通客车股份有限公司成都分公司
1668.0,:Company2,宇通客车股份有限公司南通销售分公司
1669.0,:Company2,郑州宇通客车股份有限公司信息技术分公司
1670.0,:Company2,郑州宇通客车股份有限公司福州销售服务分公司
1671.0,:Company2,郑州宇通客车股份有限公司成都销售服务中心
1672.0,:Company2,郑州宇通客车股份有限公司宇通宾馆
1673.0,:Company2,郑州宇通客车股份有限公司维修中心
1674.0,:Person,郑州宇通集团有限公司
1675.0,:Person,香港中央结算有限公司
1676.0,:Person,猛狮客车有限公司
1677.0,:Person,全国社保基金一零一组合
1678.0,:Person,中国公路车辆机械有限公司
1679.0,:Person,中国太平洋人寿保险股份有限公司-中国太平洋人寿股票红利型产品（寿自营）委托投资（长江养老）
1680.0,:Person,中国工商银行股份有限公司-华泰柏瑞沪深300交易型开放式指数证券投资基金
1681.0,:Person,中国建设银行股份有限公司-华夏能源革新股票型证券投资基金
1682.0,:Person,中国建设银行股份有限公司-银华富裕主题混合型证券投资基金
1683.0,:Person,兴业银行股份有限公司-南方兴润价值一年持有期混合型证券投资基金
1684.0,:Software,车载TBOX数据提取与跨平台数据传输软件
1685.0,:Software,Simulink集成工具库软件
1686.0,:Software,基于Simulink动力系统仿真脚本软件
1687.0,:Software,宇通车载TBOX智能终端应用远程锁车软件
1688.0,:Software,校车来了APP
1689.0,:Software,网联T-BOX智慧环卫业务软件
1690.0,:Software,AI主动安全智能管理系统
1691.0,:Software,基于基础版车载Tbox的镍氢电池充放电应用软件
1692.0,:Software,重型燃油车加油行为分析系统
1693.0,:Software,基于双平台的国标32960数据采集上报软件
1694.0,:Software,基于UDS诊断的零部件OTA升级技术应用软件
1695.0,:Software,自主可信的国产化T-BOX网联平台软件
1696.0,:Software,一种利用TBOX联网对BMS远程进行预约加热和唤醒的软件
1697.0,:Software,国六故障监控移动平台
1698.0,:Software,重型车远程排放监控宇通企业服务与管理平台
1699.0,:Software,安睿通e安学堂系统
1700.0,:Software,电控变阻尼系统
1701.0,:Software,宇通智能网联汽车智能调度软件
1702.0,:Software,宇通新能源客车自主换道控制软件
1703.0,:Software,自动驾驶汽车系统维护工具软件
1704.0,:Software,宇通新能源客车自动驾驶路径导航系统
1705.0,:Software,自动驾驶汽车故障诊断工具软件
1706.0,:Software,电动客车自适应巡航系统
1707.0,:Software,基于人车博弈的换道决策软件
1708.0,:Software,基于单片机的辅助驾驶冗余安全系统
1709.0,:Software,宇通新能源客车自主换道开发软件
1710.0,:Software,驾驶行为分析预警平台
1711.0,:Software,闪象充电APP（IOS版）
1712.0,:Software,宇通Vehicle+充电监控平台
1713.0,:Software,宇通自动驾驶仿真测试系统
1714.0,:Software,宇通智能网联客车无人化场站自动泊车软件
1715.0,:Software,闪象充电APP（Android版）
1716.0,:Software,自动驾驶车身信息综合处理软件
1717.0,:Software,宇通车联网公交一体化平台
1718.0,:Software,宇通新能源客车驾驶员身份识别控制软件
1719.0,:Software,WitGo APP
1720.0,:Software,宇通智能终端icard-mcu软件
1721.0,:Software,移动开放平台
1722.0,:Software,多信息融合障碍物行为预测程序
1723.0,:Software,新能源车辆远程数据智能提取系统
1724.0,:Software,宇通视频云平台
1725.0,:Software,新能源车OTA远程升级服务系统
1726.0,:Software,宇通商用车智联平台-工业IOT平台
1727.0,:Software,掌上宇通APP
1728.0,:Software,宇通V+FLEET车队管理系统
1729.0,:Software,宇通新能源客车分级预警控制软件
1730.0,:Software,宇通新能源客车客车的前向碰撞缓解控制软件
1731.0,:Software,宇通新能源客车车道偏离预警控制软件
1732.0,:Software,宇通新能源客车油门防误踩控制软件
1733.0,:Software,基于模糊规则的换道决策软件
1734.0,:Software,宇通新能源客车侧向预警控制软件
1735.0,:Software,宇通新能源客车紧急制动控制软件
1736.0,:Software,自动驾驶车辆CAN统一服务软件
1737.0,:Software,小宇公交小程序
1738.0,:Software,宇通数据一体化分析平台
1739.0,:Software,企业运营分析报告平台
1740.0,:Software,宇通配件服务商城系统软件
1741.0,:Software,宇通车联网AI主动安全系统
1742.0,:Software,宇通车联网安睿通智能机务系统
1743.0,:Software,基于客车大数据的动力电池系统集成分析与评价系统
1744.0,:Software,宇通新能源车辆下坡限速控制软件
1745.0,:Software,宇通新能源客车主动阻尼控制软件
1746.0,:Software,宇通新能源客车功率自适应调节软件
1747.0,:Software,宇通新能源汽车扭矩分段梯度滤波控制软件
1748.0,:Software,宇通新能源客车受电弓智能显示控制软件
1749.0,:Software,宇通新能源客车碰撞缓解系统控制软件
1750.0,:Software,宇通基于司机驾驶行为分析的主动预警控制系统
1751.0,:Software,宇通新能源客车基于前方安全时距的智能安全节能控制系统
1752.0,:Software,自动驾驶车辆执行器检测软件
1753.0,:Software,宇通新能源车集成冷却系统管理软件
1754.0,:Software,自动驾驶车辆的本地摇控软件
1755.0,:Software,宇通路侧设备智能管理系统
1756.0,:Software,自动驾驶系统数据记录及仿真软件
1757.0,:Software,自动驾驶系统事件数据采集及上报服务软件
1758.0,:Software,KEPS关键事件回顾系统
1759.0,:Software,宇通智能网联BRT公交系统
1760.0,:Software,宇通盲区监测管理系统
1761.0,:Software,宇通站台客流管理系统
1762.0,:Software,宇通智能场站管理系统
1763.0,:Software,宇通智能云控平台
1764.0,:Software,宇通智能网联微循环公交系统
1765.0,:Software,宇通车路协同管理系统
1766.0,:Software,宇通公交信号优先管理系统
1767.0,:Software,宇通智能调度系统
1768.0,:Software,宇通LCD广告管理系统
1769.0,:Software,宇通自动驾驶混合调度系统
1770.0,:Software,宇通精准停靠系统
1771.0,:Software,宇通自动充电系统
1772.0,:Software,宇通车载边缘计算软件系统
1773.0,:Software,新能源矿用车远程监控管理系统
1774.0,:Software,宇通乘客信息系统
1775.0,:Software,宇通智能调度终端嵌入式软件
1776.0,:Software,宇通自动驾驶公交网约系统
1777.0,:Software,宇通公交POS系统
1778.0,:Software,宇通客流数据分析系统
1779.0,:Software,宇通主动安全系统
1780.0,:Software,宇通疲劳驾驶监控系统
1781.0,:Software,宇通视频监控一体机嵌入式软件
1782.0,:Software,宇通纯电动客车加速性能仿真分析软件
1783.0,:Software,宇通新能源客车经济性动力性匹配计算软件
1784.0,:Software,宇通全生命周期投资计算平台
1785.0,:Software,宇通大数据查取平台
1786.0,:Software,宇通新能源客车集成式整车控制器编译下载软件
1787.0,:Software,小宇睿联软件
1788.0,:Software,宇通新能源客车零部件远程升级软件
1789.0,:Software,宇通校车来了软件
1790.0,:Software,宇通新能源客车下坡滑行自动恒速控制软件
1791.0,:Software,宇通混合动力系统复合制动能量管理软件
1792.0,:Software,宇通插电式客车水冷系统流阻分析软件
1793.0,:Software,宇通永磁同步驱动电机冷却分析软件
1794.0,:Software,宇通新能源车辆空调预约系统
1795.0,:Software,宇通插电式公路车系统换挡控制软件
1796.0,:Software,宇通插电式公路车系统状态切换模式软件
1797.0,:Software,宇通低温启动发动机控制软件
1798.0,:Software,宇通集成式电机控制器冷却分析软件
1799.0,:Software,宇通XCVT公路车系统状态切换模块软件
1800.0,:Software,宇通两档XCVT变速箱系统换挡控制软件
1801.0,:Software,宇通新能源客车HCU检测软件
1802.0,:Software,宇通智能车辆轨迹跟踪点计算软件
1803.0,:Software,通用机器人工作站客户端系统
1804.0,:Software,宇通无轨电车智能挂网充电系统控制软件
1805.0,:Software,宇通电驱动监控系统软件
1806.0,:Software,宇通微混车辆整车驱动及回馈控制软件
1807.0,:Software,宇通汽车毫米波雷达测试系统软件
1808.0,:Software,宇通新能源客车大数据分析系统
1809.0,:Software,宇通同轴并联混合动力系统控制软件
1810.0,:Software,宇通整车控制器程序在线下载(Bootloader)软件
1811.0,:Software,宇通有限元建模流程自动化软件
1812.0,:Software,宇通客车能源管理系统
1813.0,:Software,宇通一种纯电动车辆多档缓速器模拟软件
1814.0,:Software,宇通客车充电综合管理系统
1815.0,:Software,宇通新能源客车主动防止制动抖动控制软件
1816.0,:Software,宇通新能源客车防止电机过温保护控制软件
1817.0,:Software,宇通客车数据分析、监控平台
1818.0,:Software,宇通燃料电池客车动力性匹配软件
1819.0,:Software,宇通新能源客车多档缓速器模拟实现软件
1820.0,:Software,宇通双行星排系统强制发电模式控制软件
1821.0,:Software,宇通双行星排系统空挡模式控制软件
1822.0,:Software,宇通基于规则控制算法的驾驶员意图识别软件
1823.0,:Software,宇通研发需求管理软件
1824.0,:Software,宇通插电式混合动力车身模块CAN报文发送和接收解析软件
1825.0,:Software,宇通基于模糊控制算法驾驶员加速意图软件
1826.0,:Software,宇通新能源客车实际工况坡度计算软件
1827.0,:Software,宇通新能源客车智能手机调车软件
1828.0,:Software,宇通集中控制系统软件
1829.0,:Software,宇通客车产品配置管理系统
1830.0,:Software,宇通客车SAP交互系统
1831.0,:Software,宇通监控管理系统
1832.0,:Software,宇通客车订单处理系统
1833.0,:Software,宇通消防宣传系统
1834.0,:Software,宇通行星排混合动力虚拟整车系统
1835.0,:Software,宇通纯电动虚拟整车系统
1836.0,:Software,宇通轮边驱动纯电动车辆水泵控制软件
1837.0,:Software,宇通纯电动基于自适应电池电压平台的整车保护控制软件
1838.0,:Software,宇通双行星排混合动力系统发动机起停机控制软件
1839.0,:Software,宇通纯电动客车续驶里程计算控制软件
1840.0,:Software,宇通纯电动车辆缓速器模拟软件
1841.0,:Software,宇通纯电动分段限速整车控制软件
1842.0,:Software,宇通新能源车用电机性能分析软件
1843.0,:Software,宇通纯电动车水泵控制软件
1844.0,:Software,宇通新能源车辆运营展示系统
1845.0,:Software,宇通新能源磁场发射强度限值查询计算软件
1846.0,:Software,宇通轮边电机驱动纯电动客车动力系统能耗分析软件
1847.0,:Software,宇通燃料电池客车经济性计算软件
1848.0,:Software,宇通新能源车充电低压电源管理软件
1849.0,:Software,机器人监控系统
1850.0,:Software,锯床共边套裁锯切系统软件
1851.0,:Software,订单工程软件
1852.0,:Software,工位技术工艺信息一车一单报表系统
1853.0,:Software,宇通客车配置主题下单系统
1854.0,:Software,宇通新能源客车电控单元远程升级软件
1855.0,:Software,宇通新能源人机双驾智能控制系统
1856.0,:Software,宇通新能源车辆运营数据分析系统
1857.0,:Software,宇通客车智能机器人信息管理平台
1858.0,:Software,宇通新能源客车监控系统手机APP软件
1859.0,:Software,发动机悬置支架机器人工作站管理平台
1860.0,:Software,宇通插电式校车智能安全监控系统
1861.0,:Software,宇通新能源客车报文解析软件
1862.0,:Software,宇通纯电动空压机控制软件
1863.0,:Software,宇通新能源客车服务管理系统
1864.0,:Software,宇通整车功能安全监控系统软件
1865.0,:Software,宇通插电式系统双向斩波控制软件
1866.0,:Software,宇通双行星排混合动力系统EVT模式控制软件
1867.0,:Software,宇通客车蓝芯智能节油器软件
1868.0,:Software,宇通纯电动客车故障分层处理控制软件
1869.0,:Software,宇通插电式整车工作状态显示控制软件
1870.0,:Software,宇通插电式基于复合制动的电制动控制软件
1871.0,:Software,宇通客车驾驶员驾驶行为分析软件
1872.0,:Software,宇通纯电动客车分段滤波控制软件
1873.0,:Software,宇通燃料电池电动客车整车控制软件
1874.0,:Software,宇通插电式混合动力客车电机与发动机自适应调速控制软件
1875.0,:Software,宇通轮边驱动客车多电机故障诊断及处理软件
1876.0,:Software,宇通换电式纯电动客车整车控制软件
1877.0,:Software,宇通新能源客车监控平台前置通信系统
1878.0,:Software,宇通电动客车定速巡航动力控制软件
1879.0,:Software,宇通纯电动客车充电管理系统
1880.0,:Software,宇通客车路谱数据分析报告处理平台
1881.0,:Software,宇通新能源客车整车调试软件
1882.0,:Software,Vehicle+智慧车队机务管理系统
1883.0,:Software,宇通插电式混合动力功率跟随控制软件
1884.0,:Software,宇通新能源客车云充电监控管理系统
1885.0,:Software,宇通CAN卡通用化测试软件
1886.0,:Software,宇通插电式混合动力充放电电流限制控制软件
1887.0,:Software,宇通新能源客车远程智能监控系统
1888.0,:Software,宇通新能源客车无线诊断系统
1889.0,:Software,宇通新能源数据挖掘系统开发软件
1890.0,:Software,悬架K&C特性试验数据处理平台
1891.0,:Software,宇通插电式混合动力试验数据处理软件
1892.0,:Software,宇通新能源客车全生命周期成本分析软件
1893.0,:Software,宇通纯电动客车动力性匹配软件
1894.0,:Software,宇通插电式混合动力能耗智能显示系统
1895.0,:Software,宇通节能与新能源客车节能减排效益分析软件
1896.0,:Software,宇通轮边电机驱动纯电动车辆驱动功率分配软件
1897.0,:Software,宇通客车动力性对比分析计算平台
1898.0,:Software,纯电动客车电机系统特性分析及与整车经济性匹配软件
1899.0,:Software,宇通新能源客车基于驱动防滑的扭矩控制软件
1900.0,:Software,宇通新能源客车工况自适应的再生制动控制软件
1901.0,:Software,宇通新能源客车复合制动力优化分配方法软件
1902.0,:Software,宇通新能源客车坡道自适应动力系统控制软件
1903.0,:Software,宇通电动客车结构安全分析软件
1904.0,:Software,宇通插电式混合动力发动机怠速启停控制软件
1905.0,:Software,宇通客车滑行数据处理设计软件
1906.0,:Software,宇通新能源客车节能分析软件
1907.0,:Software,宇通插电式混合动力汽车故障诊断软件
1908.0,:Software,宇通插电式混合动力系统功率分配软件
1909.0,:Software,宇通插电式混合动力整车上下电控制软件
1910.0,:Software,宇通插电式混合动力虚拟整车系统
1911.0,:Software,安芯校车智能管理系统
1912.0,:Software,安芯通勤车智能管理系统
1913.0,:Software,宇通混合动力系统匹配优化设计软件
1914.0,:Bidding,65辆纯电动公交车动力电池采购中标（成交）公告
1915.0,:Bidding,永州市皮肤病防治所关于救护车的网上超市采购项目成交公告
1916.0,:Bidding,浙江中大元通商务旅游汽车有限公司2025年营运客车采购项目中标结果公示（非政府采购）
1917.0,:Bidding,绥芬河机场头等舱摆渡车采购项目-结果公告
1918.0,:Bidding,绥芬河机场头等舱摆渡车采购项目-结果公告2025-04-18
1919.0,:Bidding,浙江中大元通商务旅游汽车有限公司2025年营运客车采购项目中标结果公示
1920.0,:Bidding,涟水县交通产业发展（集团）有限公司校车采购项目中标公告
1921.0,:Bidding,纳雍骏驰公交公司12辆新能源公交车更换动力电池和废旧电池回收项目（二次）成交结果公告
1922.0,:Bidding,金沙鼓韵公交公司16辆新能源公交车更换动力电池和废旧电池回收项目（二次）成交结果公告
1923.0,:Bidding,寿光市学府校车服务有限公司2025年校车采购项目中标公告成交公示
1924.0,:Bidding,原阳县金驰汽车租赁服务有限公司采购宇通T7客车项目单一来源采购结果公告
1925.0,:Bidding,中国建设银行江西省分行关于井冈山党性教育研修院大型客车采购项目单一来源采前公示
1926.0,:Bidding,舟山市金塘汇通站立式公交客车动力电池更换单一来源采购论证公示
1927.0,:Bidding,中标丨仪征市汇通公交客运有限公司公交车采购项目中标结果公告
1928.0,:Bidding,仪征市汇通公交客运有限公司公交车采购项目中标结果公告
1929.0,:Bidding,绥芬河机场头等舱摆渡车采购项目-中标候选人公示
1930.0,:Bidding,采购新能源公共汽车项目
1931.0,:Bidding,关于巅峰公司购买客运车辆委托代理单位选取结果公示
1932.0,:Bidding,植物园景交车项目2025年第二批电动观光车采购中标结果公示(公告)
1933.0,:Bidding,电动观光车采购竞争性磋商成交结果公告
1934.0,:Bidding,采购观光小火车项目采购合同(标包001)
1935.0,:Bidding,新能源电动公交车更换动力电池和废旧动力电池回收项目成交结果公告
1936.0,:Bidding,喜德县人民医院健康体检车采购项目中标（成交）结果公告
1937.0,:Bidding,窑街煤电集团有限公司铁路运输公司  2025年3月设备采购  中标候选人公示
1938.0,:Bidding,原阳县金驰汽车租赁服务有限公司采购宇通T7客车项目单一来源采购公告
1939.0,:Bidding,新昌县汽车运输有限责任公司2025年旅游车采购项目中标结果公告
1940.0,:Bidding,盱眙国联宇通电动公交车换电及延保项目单一来源采购公示
1941.0,:Bidding,杭州市余杭公共交通有限公司2025年机务平台系统维护及云服务器租用服务的单一来源采购公示
1942.0,:Bidding,窑街煤电集团有限公司铁路运输公司2025年3月设备采购中标公示
1943.0,:Bidding,中华人民共和国内蒙古出入境边防检查总站车辆采购项目合同
1944.0,:Bidding,林芝市林安交通产业集团有限公司购置6辆小型新能源公交车项目中标（成交）结果公告
1945.0,:Bidding,威海刘公岛景区旅游服务有限公司采购观光小火车项目公开招标中标结果公告
1946.0,:Bidding,红河州机关事务管理局2025年大型客车采购项目成交结果公告
1947.0,:Bidding,HHZC2025-J1-00761-HHZZ-0005：红河州机关事务管理局2025年大型客车采购项目成交结果公告
1948.0,:Bidding,中国电建电建核电公司固定资产项目中巴车采购项目成交公示
1949.0,:Bidding,【设备类】中国电建电建核电公司固定资产项目中巴车采购项目成交公示
1950.0,:Bidding,关于大型客车的汽车馆合同公告
1951.0,:Bidding,龙潭大峡谷景区采购观光车项目中标公告
1952.0,:Bidding,新疆分公司2024年第二台机组车采购项目中选结果公告
1953.0,:Bidding,关于【CQJY-HD-GY202521】重庆公路运输(集团)有限公司第三分公司2辆15座营运客车采购单一来源谈判项目拟中标结果公示
1954.0,:Bidding,关于【CQJY-HD-CY202506-02】重庆长途汽车运输(集团)有限公司4辆11.9米-12米（单风挡造型）柴油公路版客车采购第二次公开比选项目拟中标结果公示
1955.0,:Bidding,关于【CQJY-HD-CY202510】重庆长途汽车运输（集团）有限公司潼南分公司2辆31座（2+1排列）柴油公路版客车采购单一来源谈判项目拟中标结果公示
1956.0,:Bidding,郑州荥泽环保能源有限公司通勤车辆采购直接采购预公示信息表
1957.0,:Bidding,中国人民银行北京市分行采购电子验收单公示
1958.0,:Bidding,中国人民银行北京市分行汽车采购项目DD25021413297020_ZRshDJ.pdf
1959.0,:Bidding,曲靖六十九医院救护车及轻型客车采购项目成交结果公告
1960.0,:Bidding,白水洞旅游专线公交车辆采购项目
1961.0,:Bidding,新疆分公司2024年第二台机组车采购项目中选候选人公示
1962.0,:Bidding,屈原管理区客运汽车站场暨城乡公交客运一体化建设项目（采购纯电动新能源客车5台）
1963.0,:Bidding,中国河南国际合作集团有限公司202503几内亚港口商务车采购项目成交结果公告
1964.0,:Bidding,关于浙江省岱山交投汽车运输有限公司新能源车辆更换电池及两电廷保项目单一来源采购公示
1965.0,:Bidding,东莞市虎门医院医疗设备购置项目（2025年第一批）
1966.0,:Bidding,东莞市虎门医院东莞市虎门医院医疗设备购置项目（2025年第一批）的合同公告
1967.0,:Bidding,植物园景交车项目2025年电动观光车采购中标结果公示(公告)
1968.0,:Bidding,重庆市涪陵精神卫生中心采购救护车项目结果公告
1969.0,:Bidding,哈密职业技术学院关于大型客车的汽车馆采购项目成交公告
1970.0,:Bidding,关于【CQJY-HD-GY202512】重庆公路运输(集团)有限公司第九分公司和第三分公司5辆公路版客车采购单一来源谈判项目拟中标结果公示
1971.0,:Bidding,屈原管理区客运汽车站场暨城乡公交客运一体化建设项目（采购纯电动新能源客车5台）
1972.0,:Bidding,山东交运旅游集团有限公司通勤班车采购项目中标结果公示
1973.0,:Bidding,白水洞旅游专线公交车辆采购项目
1974.0,:Bidding,宇通客车连中两标！总金额超3400万
1975.0,:Bidding,山东交运旅游集团有限公司通勤班车采购项目中标候选人公示
1976.0,:Bidding,白水洞旅游专线公交车辆采购项目公开招标中标公示
1977.0,:Bidding,中煤新集宇通牌大客车一批结果公告
1978.0,:Bidding,购置旅游车辆项目(第三次)标段一合同公告
1979.0,:Bidding,原平市公安局中型客车直接选定采购合同
1980.0,:Bidding,2025年扬中市中扬公共交通运输有限公司公交车采购项目---1标段8.5米级全承载低地板纯电动城市客车中标结果公告
1981.0,:Bidding,【兴化市】新能源公交车采购评标结果公示
1982.0,:Bidding,关于中型客车的协议供货合同公告
1983.0,:Bidding,关于杭州市机关公务用车服务有限公司两台生产经营性车辆采购项目的单一来源公示
1984.0,:Bidding,关于杭州市机关公务用车服务有限公司两台生产经营性车辆采购项目项目的邀请公示
1985.0,:Bidding,云南省消防救援总队2023年总队专业救援队急需车辆装备建设采购项目1-4标包2标包采购合同
1986.0,:Bidding,2025年扬中市中扬公共交通运输有限公司公交车采购项目---1标段8.5米级全承载低地板纯电动城市客车
1987.0,:Bidding,[河南省·新乡市·辉县市]新乡市南太行交通运输有限公司购买生产车辆项目（二次）结果公告
1988.0,:Bidding,滁州市城际公共交通有限公司2024年新能源公交车辆采购项目
1989.0,:Bidding,[河南省·新乡市·辉县市]新乡市南太行交通运输有限公司购买生产车辆项目（二次）评标报告
1990.0,:Bidding,纤维科技20250126新能源客车
1991.0,:Bidding,北京大学软件与微电子学院采购电子验收单公示
1992.0,:Bidding,北京邮电大学采购电子验收单公示
1993.0,:Bidding,赤峰文化旅游投资发展有限公司旅游大巴车采购项目结果公告
1994.0,:Bidding,公务用车购置竞采公告
1995.0,:Bidding,48座软座大巴车（高一级客车）采购（项目编号：JXBCYT2025-02-33721）公开招标结果公告2025-03-20
1996.0,:Bidding,通辽市中心血站采血车采购履约验收公告(第1批)
1997.0,:Bidding,天津市消防救援总队消防车辆及消防器材（第一批）项目TGPC-2024-A-0344-1
1998.0,:Bidding,云南省消防救援总队2023年总队专业救援队急需车辆装备建设采购项目1-4标包(2标包）采购合同
1999.0,:Bidding,关于【CQJY-HD-GY202507】重庆公路运输(集团)有限公司渝北分公司1辆24+1座公路版客车采购单一来源谈判项目拟中标结果公示
2000.0,:Bidding,驾考中心采购通勤车项目成交（中标）结果公告
2001.0,:Bidding,宇通客车股份有限公司入围2025—2026年自治区本级及部分地市预算单位燃油乘用车框架协议采购的结果公告
2002.0,:Bidding,洛川县公安局购置特警车及运兵车项目中标（成交）结果公告
2003.0,:Bidding,关于中型客车的协议供货合同公告
2004.0,:Bidding,隆回县城乡公共客运公司客运车辆采购项目包1
2005.0,:Bidding,金沙江上游巴塘水电站2025年通勤车辆采购（一）预成交公示
2006.0,:Bidding,隆回县城乡公共客运公司客运车辆采购项目包1
2007.0,:Bidding,沈阳市铁西区人民法院关于车牌号辽A06811D、辽A09577D、辽A03838F大型新能源汽车（第二次拍卖）的公告
2008.0,:Bidding,北京大学采购电子验收单公示
2009.0,:Bidding,应急总医院(煤炭总医院)采购电子验收单公示
2010.0,:Bidding,某交通运输行业车辆采购项目单一来源公告
2011.0,:Bidding,【咸安区中心】湖北香城校车服务有限公司校车购置项目56座中小学生专用校车中标结果公告(标段编号XAZX-202501ZC-001003)
2012.0,:Bidding,东航资产关于东航股份综管部及西北分公司柴油大型客车采购项目中标公示
2013.0,:Bidding,关于大型客车的汽车馆合同公告
2014.0,:Bidding,湖南省应急管理厅湖南省自然灾害应急能力提升工程基层防灾项目（二阶段-子项3）(包3)合同公告
2015.0,:Bidding,购置旅游车辆项目(第三次)标段一
2016.0,:Bidding,湖南省自然灾害应急能力提升工程基层防灾项目（二阶段-子项3）(包3)合同公告
2017.0,:Bidding,关于【CQJY-HD-GY202506】重庆公路运输(集团)有限公司第三分公司3辆19座公路版客车采购单一来源谈判项目拟中标结果公示
2018.0,:Bidding,隆回县城乡公共客运公司客运车辆采购项目包1中标候选人公示
2019.0,:Bidding,隆回县城乡公共客运公司客运车辆采购项目中标候选人公示
2020.0,:Bidding,合肥机场新能源旅客摆渡车及中巴摆渡车采购项目（二次）02标段中标结果公告
2021.0,:Bidding,隆回县城乡公共客运公司客运车辆采购项目包1
2022.0,:Bidding,东航资产关于东航股份综管部及西北分公司柴油大型客车采购项目评标结果公示
2023.0,:Bidding,中华人民共和国内蒙古出入境边防检查总站采购电子验收单公示
2024.0,:Bidding,购置旅游车辆项目(第三次)标段一中标候选人公示
2025.0,:Bidding,保靖县幼儿园关于大型客车的网上超市采购项目成交公告
2026.0,:Bidding,中华人民共和国内蒙古出入境边防检查总站汽车采购项目DD24120314854420_JYZZUH.pdf
2027.0,:Bidding,盱眙民众校车服务有限公司关于56座中小学校车采购中标公告
2028.0,:Bidding,大连机场旅客摆渡车采购项目结果公告
2029.0,:Bidding,2辆纯电动公交车采购中标候选人公示
2030.0,:Bidding,临沧市中心血站能力提升设备采购项目（9标段）合同
2031.0,:Bidding,酉阳县桃花源运输股份有限公司拓展旅游包车运输业务项目（大型车辆采购）（第二次）中标（成交）结果公告
2032.0,:Bidding,临沧市中心血站能力提升设备采购项目（9标段）合同公告
2033.0,:Bidding,新疆和远公共交通有限责任公司购置城市公共交通汽车项目中标结果公示
2034.0,:Bidding,宣城市交投汽运有限公司车辆采购项目成交公示
2035.0,:Bidding,2025年度远安县全运公共交通运输有限公司新能源客车采购竞争性磋商成交公告
2036.0,:Bidding,【产品驻点售后维保服务（二次）】采购公告
2037.0,:Bidding,2025年度远安县全运公共交通运输有限公司新能源客车采购竞争性磋商成交公告
2038.0,:Bidding,吉林市政府采购中心关于吉林市职业病防治院购置体检车项目中标(成交)结果公告
2039.0,:Bidding,吉林市职业病防治院购置体检车项目
2040.0,:Bidding,合肥机场新能源旅客摆渡车及中巴摆渡车采购项目（二次）02标段中标候选人公示
2041.0,:Bidding,吉林市职业病防治院购置体检车项目合同
2042.0,:Bidding,伽师县米夏乡卫生院关于救护车的汽车馆采购项目成交公告
2043.0,:Bidding,宁波市公共交通集团有限公司2辆纯电动双层公交车采购项目中标公告
2044.0,:Bidding,云南省消防救援总队2023年总队专业救援队急需车辆装备建设采购项目1-4标包（2标包）
2045.0,:Bidding,云和县交投公共用车服务有限公司旅游包车车辆采购项目中标(成交)结果公告
2046.0,:Bidding,河南省消防救援总队“自然灾害应急能力提升工程”郑州航空港经济综合实验区消防救援支队装备建设项目（第二阶段）-3包合同
2047.0,:Bidding,莒县博雅校车服务有限公司2025年度校车车辆采购项目中标公示
2048.0,:Bidding,莒县国运客运有限公司客运车辆采购项目中标公示
2049.0,:Bidding,莒县国运客运有限公司客运车辆采购项目中标单位公示
2050.0,:Bidding,湛江巴斯夫公司11辆11米段纯电通勤大客车招标项目结果公告
2051.0,:Bidding,DBSCG-2024-172霍山县城市公交与城乡客运一体化项目车辆采购（15座、19座柴油客车）中标结果公告
2052.0,:Bidding,常德桃花源机场分公司摆渡车（新能源）采购项目（第三次）中标候选人公示建设工程工程类中标候选人公示
2053.0,:Bidding,苍南县交运集团6米纯电公交车采购的合同公告
2054.0,:Bidding,长沙市公安局特巡警支队无人机反制车指挥车采购项目项目第1次中标（成交）结果公告
2055.0,:Bidding,中国河南国际合作集团有限公司JZ01-202412客车采购项目中标结果公告
2056.0,:Bidding,长沙市公安局特巡警支队无人机反制车指挥车采购项目结果公告
2057.0,:Bidding,湛江巴斯夫公司11辆11米段纯电通勤大客车招标项目中标结果公告
2058.0,:Bidding,DBSCG-2024-172霍山县城市公交与城乡客运一体化项目车辆采购（15座、19座柴油客车）中标结果公告
2059.0,:Bidding,仁怀市交通运输服务有限公司城乡客运（城乡公交）车辆采购项目中标结果公示—中标结果公示
2060.0,:Bidding,消防宣传车、运兵车（第一包）合同公告
2061.0,:Bidding,五台公共交通有限公司纯电动公交车采购项目成交候选人公示
2062.0,:Bidding,德夯风景名胜区幸福峡谷房车营地建设项目-房车采购中标候选人公示
2063.0,:Bidding,茂名分公司应急救援中心洗浴车采购招标Z43洗浴车中标结果公告
2064.0,:Bidding,长春市公安局双阳区分局警务工作站采购项目成交结果公告
2065.0,:Bidding,湛江巴斯夫公司11辆11米段纯电通勤大客车招标项目结果公示
2066.0,:Bidding,河源市粤运绿都公共交通有限公司营运车辆竞卖公告（2025年1月第1批次）结果公告
2067.0,:Bidding,禾源盛（吉林）项目管理有限公司关于长春市公安局移动自驱式街面警务工作站采购项目中标(成交)结果公告
2068.0,:Bidding,北京理工大学采购电子验收单公示
2069.0,:Bidding,沈阳市铁西区人民法院关于拍卖车牌号辽A06811D、辽A09577D、辽A03838F大型新能源汽车（第一次拍卖）的公告
2070.0,:Bidding,湛江巴斯夫公司11辆11米段纯电通勤大客车招标项目结果公示
2071.0,:Bidding,湛江巴斯夫公司11辆11米段纯电通勤大客车招标项目中标候选人公示
2072.0,:Bidding,【产品驻点售后维保服务】采购公告
2073.0,:Bidding,南川区中医医院救护车采购中标（成交）结果公告
2074.0,:Bidding,中国石油化工股份有限公司茂名分公司茂名分公司应急救援中心洗浴车采购招标Z43洗浴车评标结果公示
2075.0,:Bidding,中国石油化工股份有限公司茂名分公司茂名分公司应急救援中心洗浴车采购招标Z43洗浴车评标结果公示
2076.0,:Bidding,中国石油化工股份有限公司茂名分公司茂名分公司应急救援中心洗浴车采购招标Z43洗浴车招标公告[变更公告]
2077.0,:Bidding,新能源客车销售合同
2078.0,:Bidding,吉林市政府采购中心关于吉林市职业病防治院购置体检车项目中标(成交)结果公告
2079.0,:Bidding,庆安县交通运输综合行政执法大队新能源客车销售合同政府采购合同公告
2080.0,:Bidding,中煤新集宇通牌大客车一批询价通知
2081.0,:Bidding,西安交通大学第一附属医院榆林医院巡回医疗车采购项目中标公告
2082.0,:Bidding,仁怀市交通运输服务有限公司城乡客运（城乡公交）车辆采购项目-中标侯选人公示
2083.0,:Bidding,仁怀市交通运输服务有限公司城乡客运（城乡公交）车辆采购项目招标采购公告
2084.0,:Bidding,[中化能泉州石化危险化学品监测车框架协议【重新招标】【重新招标】]中标结果公示
2085.0,:Bidding,孝昌县公共交通提档升级项目旅游客车采购项目中标结果公告
2086.0,:Bidding,【邯郸市公共交通集团有限公司2024年公交车采购项目】中标结果公示
2087.0,:Bidding,邯郸市公共交通集团有限公司2024年公交车采购项目中标候选人公示
2088.0,:Bidding,【邯郸市公共交通集团有限公司2024年公交车采购项目】中标候选人公示
2089.0,:Bidding,阳江基地电动大巴“三电”延保服务采购项目直接采购采购成交结果公示
2090.0,:Bidding,中国科学院空天信息创新研究院采购电子验收单公示
2091.0,:Bidding,为集散中心购置8部大巴车中标结果公告
2092.0,:Bidding,关于【CQJY-HD-GY202501】重庆公路运输（集团）有限公司渝北分公司3辆公路版客车采购单一来源谈判项目拟中标结果公示
2093.0,:Bidding,节能与新能源客车生产基地全承载空中输送连廊项目20250108095551347510
2094.0,:Bidding,邢台市中心血站采血车采购项目合同
2095.0,:Bidding,[中化能泉州石化危险化学品监测车框架协议【重新招标】【重新招标】]候选人公示
2096.0,:Bidding,国家矿山应急救援大同队2024年中央财政资金装备采购项目（005标段）中标结果公示
2097.0,:Bidding,庆安县交通运输综合行政执法大队新能源车购置项目结果公告
2098.0,:Bidding,莒县博雅校车服务有限公司2024年校车采购项目成交结果公示
2099.0,:Bidding,【产品驻点售后维保服务】采购公告
2100.0,:Bidding,植物园景交车项目电动观光车采购中标结果公示(公告)
2101.0,:Bidding,节能与新能源客车生产基地全承载空中输送连廊项目20250103161709146310
2102.0,:Bidding,太湖县龙山客运服务有限责任公司采购车辆项目合同公告
2103.0,:Bidding,滁州市城际公共交通有限公司2024年新能源公交车辆采购项目中标结果公告
2104.0,:Bidding,国家外汇管理局采购电子验收单公示
2105.0,:Bidding,鄂州市华容区畅达公共汽车有限公司2024年度电动公交车采购项目中标公示
2106.0,:Bidding,漳州能源2024年大型客车采购采购结果公告
2107.0,:Bidding,滁州市城际公共交通有限公司2024年新能源公交车辆采购项目中标结果公告
2108.0,:Bidding,舟山海星外事旅游客运有限公司车辆采购项目成交结果公告
2109.0,:Bidding,河南省消防救援总队信阳支队“自然灾害应急能力提升工程”装备建设项目（第二批）三标段见证书
2110.0,:Bidding,鄂州市华容区畅达公共汽车有限公司2024年度电动公交车采购项目中标公示
2111.0,:Bidding,国家矿山应急救援大同队2024年中央财政资金装备采购项目（005标段）中标候选人公示
2112.0,:Bidding,植物园景交车项目电动观光车采购
2113.0,:Bidding,中共阜平县委办公室公务用车购置(二次）项目合同
2114.0,:Bidding,鄂州市华容区畅达公共汽车有限公司2024年度电动公交车采购项目中标候选人公示
2115.0,:Bidding,漳州能源2024年大型客车采购成交候选人公示
2116.0,:Bidding,[阳光采购服务平台]宁波市公共交通集团有限公司2辆纯电动双层公交车采购中标结果公告
2117.0,:Bidding,伊春市公共汽车有限公司2024年购置新能源公交车项目(二次)政府采购合同公告
2118.0,:Bidding,国家矿山应急救援山西特勘队2024年安全生产应急救援力量建设项目应急保障类装备第（三）标段中标结果公示
2119.0,:Bidding,广西总队2024年度“自然灾害应急能力提升工程”装备配备项目（三次）车辆装备GXXF-2024GZ（3）-001-01
2120.0,:Bidding,太湖县龙山客运服务有限责任公司采购车辆项目中标结果公告
2121.0,:Bidding,宁波市公共交通集团有限公司2辆纯电动双层公交车采购中标结果公告
2122.0,:Bidding,2024年购置新能源公交车项目（二次）
2123.0,:Bidding,巴楚县乡村振兴建设-城乡公共交通设施补短板项目（三次）合同公告
2124.0,:Bidding,巴楚县乡村振兴建设-城乡公共交通设施补短板项目（三次）合同
2125.0,:Bidding,【麻城市中心】麻城金运公共交通发展有限公司公交客车以旧换新采购项目（一标段）麻城金运公共交通发展有限公司公交客车以旧换新采购项目（一标段）中标结果公告(标段编号HBMC-202411QG-056001001)
2126.0,:Bidding,关于【CQJY-HD-GY202422】重庆公路运输(集团)有限公司第九分公司1辆49座公路版客车采购单一来源谈判项目拟中标结果公示
2127.0,:Bidding,伊春市公共汽车有限公司2024年购置新能源公交车项目（二次）结果更正公告（第一次）
2128.0,:Bidding,关于【CQJY-HD-YY2024101】重庆市汽车运输(集团)有限责任公司二分公司1辆19座公路版客车采购单一来源谈判项目拟中标结果公示
2129.0,:Bidding,南京淳科公交有限公司10.5米级插电式油电混合公交车采购结果公告
2130.0,:Bidding,淅川县城市公共交通有限公司更新22辆纯电动公交车项目
2131.0,:Bidding,湟源公共交通运输有限责任公司新能源纯电动公交车中标结果公示
2132.0,:Bidding,通讯指挥平台（通讯指挥车）采购
2133.0,:Bidding,伊春市公共汽车有限公司2024年购置新能源公交车项目（二次）结果公告
2134.0,:Bidding,10.5米级插电式油电混合公交车采购及相关服务结果公告
2135.0,:Bidding,山东高速泰安发展有限公司收费站通勤班车采购项目（二次采购）（标段/包1）成交结果公示
2136.0,:Bidding,[河南省·信阳市·市辖区][公开招标][材料设备]信阳市消防救援支队河南省消防救援总队信阳支队“自然灾害应急能力提升工程”装备建设项目（第二批）-二标段、
2137.0,:Bidding,中共阜平县委办公室公务用车购置(二次）项目合同
2138.0,:Bidding,中共阜平县委办公室公务用车购置(二次）中标公告
2139.0,:Bidding,咸阳市中心血站专用车销售合同政府采购合同公告
2140.0,:Bidding,国家矿山应急救援山西特勘队2024年安全生产应急救援力量建设项目应急保障类装备第（三）标段中标候选人公示
2141.0,:Bidding,Z1306242400942001中共阜平县委办公室公务用车购置结果公告
2142.0,:Bidding,修武县文化广电和旅游局修武县云台山景区新能源观光巴士更新项目中标公告新项目中标公告
2143.0,:Bidding,广元市中心血站采血车采购中标公告
2144.0,:Bidding,新增702线路新能源纯电动公交车辆中标结果公示
2145.0,:Bidding,徐闻县机关事务管理局徐闻县机关事务管理局大中型客车集采商品直接订购采购合同的合同公告
2146.0,:Bidding,国家突发急性传染病防控队应急车辆箱组采购项目
2147.0,:Bidding,[河南省·焦作市·修武县][公开招标]修武县文化广电和旅游局修武县云台山景区新能源观光巴士更新项目-中标公告
2148.0,:Bidding,中国人民政治协商会议河南省委员会办公厅大型客车直接订购采购合同
2149.0,:Bidding,徐闻县机关事务管理局大中型客车集采商品直接订购采购合同
2150.0,:Bidding,陕西省疾病预防控制中心国家突发急性传染病防控队应急车辆箱组采购项目政府采购合同公告
2151.0,:Bidding,关于其他专用汽车的协议供货合同公告
2152.0,:Bidding,关于大型客车的协议供货合同公告
2153.0,:Bidding,10.5米级插电式油电混合公交车采购及相关服务中标候选人公示
2154.0,:Bidding,【麻城市中心】麻城金运公共交通发展有限公司公交客车以旧换新采购项目（一标段）麻城金运公共交通发展有限公司公交客车以旧换新采购项目（一标段）评标结果公示(标段编号HBMC-202411QG-056001001)
2155.0,:Bidding,麻城金运公共交通发展有限公司公交客车以旧换新采购项目（一标段）
2156.0,:Bidding,河南省消防救援总队“自然灾害应急能力提升工程”郑州航空港经济综合实验区消防救援支队装备建设项目（第二阶段）项目-2包合同
2157.0,:Bidding,通讯指挥平台（通讯指挥车）采购结果公告（采购包1）
2158.0,:Bidding,通讯指挥平台（通讯指挥车）采购
2159.0,:Bidding,海南省机关事务管理局-海南省机关事务管理局公务用车购置（2024年度第二批）（第二次）-合同公告
2160.0,:Bidding,中国核建二级集采采购任务-中核华兴行政管理部大客车视频监控系统（第二次）采购采购结果公告
2161.0,:Bidding,消防宣传车、运兵车成交结果公告
2162.0,:Bidding,天津市消防救援总队消防车辆及消防器材（第一批）项目（第二批）
2163.0,:Bidding,西宁市公安局采购警用装备项目合同公告
2164.0,:Bidding,关于【孙园镇张塘社区宜居宜业和美乡村-居家养老服务用房改造工程】【直接选取】【编制项目可行性研究报告】中介服务机构中选的公告
2165.0,:Bidding,关于【CQJY-HD-CY202432】重庆长途汽车运输(集团)有限公司合瑞公司10辆8.5米零后悬纯电动公交版客车采购公开比选项目拟中标结果公示
2166.0,:Bidding,广东省中医院贵州医院（贵州省中医医院贵州中医药大学附属贵阳医院）关于大型客车的框架协议采购项目成交公告
2167.0,:Bidding,庆阳公共交通集团有限公司氢燃料电池公交车采购项目合同
2168.0,:Bidding,阳泉市公共交通有限责任公司动力电池更新项目中标候选人公示
2169.0,:Bidding,三明交运宁化分公司旅游客运车辆采购成交结果公示
2170.0,:Bidding,东至县大渡口公交有限责任公司纯电动公交车辆采购项目成交结果公告
2171.0,:Bidding,2024年兰州公交集团有限公司插电式混合动力公交车动力电池更换项目（重新招标）中标候选人公示
2172.0,:Bidding,2024年兰州公交集团有限公司插电式混合动力公交车动力电池更换项目（重新招标）中标结果公告
2173.0,:Bidding,玛纳斯县公共交通有限责任公司新能源公交车采购项目中标结果公示
2174.0,:Bidding,聊城市应急管理局应急救援指挥通讯保障专用车辆验收情况公示
2175.0,:Bidding,南航航服部2024年度电动中型客车采购项目评标公示
2176.0,:Bidding,新乡市消防救援支队河南省消防救援总队“自然灾害应急能力提升工程”新乡支队装备建设增购项目03包
2177.0,:Bidding,中国核建二级集采采购任务-中核华兴行政管理部大客车视频监控系统（第二次）采购成交候选人公示
2178.0,:Bidding,欣运集团车辆采购项目比选结果公示
2179.0,:Bidding,环通公司两台电动中巴（台山、宁德各1台）采购项目项目竞争性谈判采购成交结果公示
2180.0,:Bidding,郑州市公安局购置特种车辆项目-中标公告
2181.0,:Bidding,漯河市公交集团有限公司7米纯电动低地板公交车采购项目中标结果公告
2182.0,:Bidding,14辆纯电动公交车电池更换服务项目成交公告
2183.0,:Bidding,广州市胸科医院DR体检车辆采购项目中标公告（项目编号：XKYY-2024HW-11）
2184.0,:Bidding,关于【2024年新能源城市公交车采购项目(8米级)分包2】【直接选取】【政府采购招标代理】中介服务机构中选的公告
2185.0,:Bidding,关于大型客车的框架协议合同公告
2186.0,:Bidding,2023年新疆消防救援总队消防车辆采购项目采购项目合同（第3包）
2187.0,:Bidding,山东高速泰安发展有限公司收费站通勤班车采购项目（二次采购）中标候选人公示
2188.0,:Bidding,山东高速泰安发展有限公司收费站通勤班车采购项目（二次采购）成交候选人公示
2189.0,:Bidding,安徽省消防救援总队2024年度装备部门集中采购项目（消防车辆）第43-68包第58包中标（成交）结果公告
2190.0,:Bidding,安徽省消防救援总队2024年度装备部门集中采购项目（消防车辆）第43-68包第61包中标（成交）结果公告
2191.0,:Bidding,安徽省消防救援总队2024年度装备部门集中采购项目（消防车辆）第43-68包第58包中标（成交）结果公告（项目编号：2024BFAHZ02853）
2192.0,:Bidding,安徽省消防救援总队2024年度装备部门集中采购项目（消防车辆）第43-68包第61包中标（成交）结果公告（项目编号：2024BFAHZ02853）
2193.0,:Bidding,关于大型客车的汽车馆合同公告
2194.0,:Bidding,阳西电厂大巴车（2024年7月计划）采购招标
2195.0,:Bidding,滑县机关事务中心2024年公务车辆购置项目
2196.0,:Bidding,广东省接待办公室大中型客车集采商品直接订购采购合同
2197.0,:Bidding,广东省接待办公室广东省接待办公室大中型客车集采商品直接订购采购合同的合同公告
2198.0,:Bidding,远安县全运公共交通运输有限公司1台新能源客车采购竞争性磋商成交公告
2199.0,:Bidding,固镇县城市公交有限公司、固镇县公交客运有限责任公司固镇县新能源公交车采购项目成交候选人公示
2200.0,:Bidding,兵地融合发展草湖项目区党委办公室（兵地融合发展草湖项目区办公室、兵地融合发展草湖项目区党委政策研究室）关于大型客车1件的竞价采购竞价成交公告
2201.0,:Bidding,[常德市] 常德桃花源机场分公司摆渡车（新能源）采购项目（第三次）
2202.0,:Bidding,陕西省疾病预防控制中心国家突发急性传染病防控队应急车辆箱组采购项目中标（成交）结果公告
2203.0,:Bidding,五莲交通发展集团有限公司2024年公交车采购项目中标公示
2204.0,:Bidding,远安县全运公共交通运输有限公司1台新能源客车采购竞争性磋商成交公告
2205.0,:Bidding,余姚市公共交通有限公司7米级无站立公交车采购项目中标公告
2206.0,:Bidding,余姚市姚诚工程管理有限公司关于余姚市公共交通有限公司7米级无站立公交车采购项目中标公告
2207.0,:Bidding,监利市城区新能源公交车采购项目招标评标结果公示
2208.0,:Bidding,临沂市公共交通集团有限公司2024年购置纯电动公交车项目二标段
2209.0,:Bidding,临沂市公共交通集团有限公司2024年购置纯电动公交车项目三标段
2210.0,:Bidding,新能源中巴-机组摆渡车（2024年）采购项目中选候选人公示
2211.0,:Bidding,海南省机关事务管理局公务用车购置（2024年度第二批）（第二次）中标公告
2212.0,:Bidding,余姚市姚诚工程管理有限公司关于余姚市公共交通有限公司7米级一级踏步公交车采购项目中标公告
2213.0,:Bidding,深圳市应急管理局森林消防特种运兵车采购中标结果公告
2214.0,:Bidding,漯河市公交集团7米纯电动低地板公交车采购项目单一来源采购公示
2215.0,:Bidding,余姚市公共交通有限公司5.9米级无站立公交车采购项目中标公告
2216.0,:Bidding,湖北宜昌交运松滋有限公司运务分公司纯电大客车辆采购项目（成交公告）
2217.0,:Bidding,关于大型客车的框架协议合同公告
2218.0,:Bidding,余姚市公共交通有限公司7米级一级踏步公交车采购项目中标公告
2219.0,:Bidding,余姚市姚诚工程管理有限公司关于余姚市公共交通有限公司5.9米级无站立公交车采购项目中标公告
2220.0,:Bidding,兴安盟公安局网上询价采购合同
2221.0,:Bidding,【麻城市中心】麻城金运公共交通发展有限公司新能源客车采购项目麻城金运公共交通发展有限公司新能源客车采购项目中标结果公告(标段编号HBMC-202410QG-050001001)
2222.0,:Bidding,张家口通泰运输集团有限公司赤城公共交通分公司新能源公交车购置项目中标公告
2223.0,:Bidding,赤城公共交通分公司新能源公交车购置项目中标公告
2224.0,:Bidding,采血车购置交易证明书
2225.0,:Bidding,荆州神通汽车运输集团有限公司纯电大客车辆采购项目中标结果公告
2226.0,:Bidding,张家口通泰运输集团有限公司赤城公共交通分公司新能源公交车购置项目中标候选人公示
2227.0,:Bidding,芦山县人民法院大中型客车直接选定采购合同
2228.0,:Bidding,黑龙江省森林消防总队国家综合性消防救援队伍能力提升项目第八批次（二次）第28包合同公示
2229.0,:Bidding,关于浦江县公安局特种专业技术用车的反向竞价竞价成交公告
2230.0,:Bidding,开封市交通运输局75台10.5米纯电动公交车采购项目-中标公告
2231.0,:Bidding,南阳市公共交通集团有限责任公司新增更新新能源纯电动公交车辆采购项目中标结果公告
2232.0,:Bidding,开封市交通运输局75台10.5米纯电动公交车采购项目-成交公告
2233.0,:Bidding,赤水市中心血库采血车购置中标（成交）结果公告
2234.0,:Bidding,兴安盟公安局采购大型客车网上询价项目网上询价成交公告
2235.0,:Bidding,尉氏县金运公交有限公司50辆纯电动公交车购置项目-结果公告
2236.0,:Bidding,新疆分公司2024年机组车（燃油）采购项目中选候选人公示
2237.0,:Bidding,浙江省消防救援总队2023年度消防车（第二批）采购项目（第三次）标项二合同
2238.0,:Bidding,金华市公安局婺城分局2024特种专业技术车采购项目竞价成交公告
2239.0,:Bidding,采血特种专业技术用车采购项目
2240.0,:Bidding,金华市公安局婺城分局2024特种专业技术车采购项目竞价成交公告
2241.0,:Bidding,安徽省蚌埠市汽车运输集团公交有限公司2024年10台纯电动公交客车采购项目中标结果公示
2242.0,:Bidding,宝鸡市中心血站采血特种专业技术用车采购项目政府采购合同公告
2243.0,:Bidding,凤阳县纯电动公交车电池换装项目（二次）
2244.0,:Bidding,麟游县2024年智慧交通城乡公交车采购项目中标候选人公示
2245.0,:Bidding,山东商河交通运输有限公司2024年公交车辆采购项目结果公告
2246.0,:Bidding,双峰县城乡客运一体化车辆采购项目
2247.0,:Bidding,定远县纯电动公交车电池换装工程（二次）
2248.0,:Bidding,双峰县城乡客运一体化车辆采购项目合同公告
2249.0,:Bidding,沧州市公交一体化（停车场）建设项目新能源车购置（二期）一标段中标公告
2250.0,:Bidding,G1309002402362001沧州市公交一体化（停车场）建设项目新能源车购置（二期）中标结果公告
2251.0,:Bidding,【威宁县起航客运有限责任公司7条城乡公交线路车辆购置项目（一期）】威宁县起航客运有限责任公司_中标合同
2252.0,:Bidding,【威宁县起航客运有限责任公司新能源公交车购置项目】威宁县起航客运有限责任公司_中标合同
2253.0,:Bidding,沧州市公交一体化（停车场）建设项目新能源车购置（二期）一标段中标候选人公示
2254.0,:Bidding,日照市公共交通集团有限公司纯电动公交车采购项目中标公告
2255.0,:Bidding,凤阳县纯电动公交车电池换装项目（二次）中标结果公告
2256.0,:Bidding,新能源客车分公司节能与新能源客车生产基地生产配套项目20241107145843990510
2257.0,:Bidding,某学院教学用车更新项目中标公告
2258.0,:Bidding,南通市通州区2024年43辆公交车辆采购项目中标候选人公示（五标段）
2259.0,:Bidding,东莞市石排镇党政综合办公室东莞市石排镇党政综合办公室大中型客车集采商品直接订购采购合同的合同公告
2260.0,:Bidding,山东商河交通运输有限公司2024年公交车辆采购项目中标候选人公示
2261.0,:Bidding,东莞市石排镇党政综合办公室大中型客车集采商品直接订购采购合同
2262.0,:Bidding,秦皇岛公共交通有限责任公司新能源公交车电池更新项目二标段中标结果公示
2263.0,:Bidding,2024年30辆纯电动城市客车以旧换新采购项目（HTWZ2024-G1-30015）中标候选人公示
2264.0,:Bidding,秦皇岛公共交通公司新能源公交车电池更新项目二标段中标结果公示
2265.0,:Bidding,秦皇岛公共交通有限责任公司新能源公交车电池更新项目二标段中标结果公示
2266.0,:Bidding,郑州旅游职业学院更换两辆新能源通勤车动力电池项目单一来源采购公告
2267.0,:Bidding,2024年清镇市直属机关事务服务中心公务车采购竞价成交公告
2268.0,:Bidding,常州市金坛区公共交通有限公司38辆公交车采购项目中标公示
2269.0,:Bidding,秦皇岛公共交通有限责任公司新能源公交车电池更新项目二标段
2270.0,:Bidding,招远市国鑫公共交通运输有限公司新能源公交车采购项目中标结果公告
2271.0,:Bidding,邓州市交通运输局邓州市城市公共交通有限责任公司车辆更新项目-中标公告
2272.0,:Bidding,招远市国鑫公共交通运输有限公司新能源公交车采购项目中标结果公告
2273.0,:Bidding,南宁机场购置大巴车项目（GXJD-2411511031503）成交公告
2274.0,:Bidding,机场旅客摆渡车（电动式）项目中标候选人公示
2275.0,:Bidding,威宁县起航客运有限责任公司7条城乡公交线路车辆购置项目（一期）交易证明书
2276.0,:Bidding,威宁县起航客运有限责任公司7条城乡公交线路车辆购置项目（一期）结果公告
2277.0,:Bidding,玉溪市公共汽车服务公司新能源纯电动公交车采购项目（二次）
2278.0,:Bidding,高州市人民医院高州市人民医院小型客车集采商品直接订购采购合同的合同公告
2279.0,:Bidding,南宁机场购置大巴车项目（GXJD-2411511031503）成交候选人公示
2280.0,:Bidding,（玉溪市）玉溪市公共汽车服务公司新能源纯电动公交车采购项目（二次）
2281.0,:Bidding,驻马店市消防救援支队河南省消防救援总队“自然灾害应及能力提升工程”驻马店支队装备建设项目
2282.0,:Bidding,关于大型客车的框架协议合同公告
2283.0,:Bidding,中国国际经济技术交流中心采购货物项目国内供货任务成交公告
2284.0,:Bidding,淮南市绿色智能城乡公交车采购（第二批）一标段中标结果公告
2285.0,:Bidding,江阴公交新能源纯电动城市公交车采购项目中标结果公告
2286.0,:Bidding,淮南市绿色智能城乡公交一体化建设项目公交车采购（第二批）一标段中标结果公告
2287.0,:Bidding,咸丰县城市公交有限责任公司公交车车辆采购项日中标结果公告
2288.0,:Bidding,淮南市绿色智能城乡公交一体化建设项目公交车采购（第二批）中标结果公告
2289.0,:Bidding,唐山市公共交通集团有限公司新能源公交车更新项目一标段中标公示
2290.0,:Bidding,公务用车购置
2291.0,:Bidding,南方电网电动汽车服务有限公司2024年度通用车辆（第二批）框架采购(二次招标)中标公示
2292.0,:Bidding,河北省血液中心大型采血车采购项目中标公告
2293.0,:Bidding,寻甸回族彝族自治县人民政府办公室“购置应急保障用车（大型客车1辆）”合同
2294.0,:Bidding,新能源公交车采购项目交易证明书
2295.0,:Bidding,玉溪市公共汽车服务公司新能源纯电动公交车采购项目（二次）
2296.0,:Bidding,威宁县起航客运有限责任公司新能源公交车购置项目交易证明书
2297.0,:Bidding,威宁县起航客运有限责任公司新能源公交车购置项目结果公告
2298.0,:Bidding,关于三门公交2024年5辆7米纯电公交采购项目的中标结果公告
2299.0,:Bidding,新能源公交车采购项目中标结果公告
2300.0,:Bidding,唐山市公共交通集团有限公司新能源公交车更新项目一标段中标候选人公示
2301.0,:Bidding,博罗县公安局博罗县公安局大中型客车集采商品直接订购采购合同的合同公告
2302.0,:Bidding,枣阳市同达客运有限公司采购15台新能源纯电动公交车中标结果公告
2303.0,:Bidding,[枣阳市]枣阳市同达客运有限公司采购15台新能源纯电动公交车项目枣阳市同达客运有限公司采购15台新能源纯电动公交车项目中标结果公告(标段编号XYZY-ZFCG202409HW-012001)
2304.0,:Bidding,枣阳市同达客运有限公司采购15台新能源纯电动公交车项目枣阳市同达客运有限公司采购15台新能源纯电动公交车项目中标结果公告（标段编号XYZY-ZFCG202409HW-012001）
2305.0,:Bidding,民和鸿安旅游运输有限公司车辆采购项目标段三合同公告
2306.0,:Bidding,广州市人民代表大会常务委员会办公厅广州市人民代表大会常务委员会办公厅大中型客车集采商品直接订购采购合同的合同公告
2307.0,:Bidding,广州市人民代表大会常务委员会办公厅大中型客车集采商品直接订购采购合同
2308.0,:Bidding,江苏景行公共交通有限公司纯电动城市公交客车采购中标结果公告
2309.0,:Bidding,河北省血液中心+大型采血车
2310.0,:Bidding,寻甸回族彝族自治县人民政府办公室“购置应急保障用车（大型客车1辆）”询价成交公告
2311.0,:Bidding,KMZC2024-X1-02104-KMSJ-0192:寻甸回族彝族自治县人民政府办公室“购置应急保障用车（大型客车1辆）”询价成交公告
2312.0,:Bidding,柴油营运客车采购合同
2313.0,:Bidding,45辆纯电动公交客车采购中标结果公告
2314.0,:Bidding,45辆纯电动公交客车采购中标结果公告/45辆纯电动公交客车
2315.0,:Bidding,平凉市中心血站流动献血车采购项目成交公告
2316.0,:Bidding,采血车采购
2317.0,:Bidding,通辽市中心血站采血车采购政府采购合同公告
2318.0,:Bidding,枝江市安捷交通运输有限责任公司新能源公交车采购项目中标结果公告
2319.0,:Bidding,[内蒙古自治区·通辽市·市本级][公开招标]通辽市中心血站采血车采购结果公告
2320.0,:Bidding,MFZC24083001厦航客车采购评标结果公示
2321.0,:Bidding,重庆公交集团2024年营运客车采购（标段五：车长10.5±0.1米，乘客座椅采用“中门前1+1或2+2，中门后2+2”布置方式，纯电动城市客车282辆）的中标候选人公示
2322.0,:Bidding,宁波市镇海公共交通有限公司2024年度10辆新能源公交车采购项目结果公示
2323.0,:Bidding,重庆公交集团2024年营运客车采购（标段六：车长11±0.2米，车辆轴距间设置贯通式行李舱，乘客座椅采用“2+2”布置方式，纯电动客车30辆）的中标候选人公示
2324.0,:Bidding,新能源公交车采购项目中标候选人公示
2325.0,:Bidding,[中标候选人公示]延安市公共交通有限责任公司103辆公交车采购项目中标候选人公示
2326.0,:Bidding,松潘县公务服务中心县公务服务中心购置车辆采购中标（成交）结果公告
2327.0,:Bidding,金华市公安局婺城分局2024特种专业技术车采购项目竞价成交公告
2328.0,:Bidding,祁连县寄宿制民族小学校车购置项目合同公告
2329.0,:Bidding,黑龙江省森林消防总队国家综合性消防救援队伍能力提升项目第八批次 （二次）第29包合同公示
2330.0,:Bidding,黑龙江省森林消防总队国家综合性消防救援队伍能力提升项目第八批次 （二次）第30包合同公示
2331.0,:Bidding,55辆郑州宇通牌油电混合动力公交车动力电池更换项目单一来源采购公示
2332.0,:Bidding,衡水市综合交通枢纽建设项目新能源公交车购置合同订立信息公示
2333.0,:Bidding,杭州市南郊监狱关于宇通T7客车反向竞价采购竞价成交公告
2334.0,:Bidding,中核通辽铀业有限责任公司2024年中型客车采购采购结果公告
2335.0,:Bidding,莒县国运客运有限公司新能源客车采购项目中标公示
2336.0,:Bidding,兴化市公共交通有限公司新能源公交车评标结果公示
2337.0,:Bidding,汉中市中心血站2024年采血车送血车采购项目政府采购合同公告
2338.0,:Bidding,（兴化市）新能源公交车评标结果公示
2339.0,:Bidding,开平工业园区停车场及综合配套设施建设项目-新能源公交车购置一标段中标公示
2340.0,:Bidding,2024年菏泽市中心血站采血车电源系统采购项目（二次）中标（成交）结果公告
2341.0,:Bidding,（交易公告）辽宁省消防救援总队“自然灾害应急能力提升工程”本溪支队消防装备建设项目-水域、雨...
2342.0,:Bidding,开平工业园区新能源公交车购置一标段中标公示
2343.0,:Bidding,双峰县城乡客运一体化车辆采购项目中标结果公告
2344.0,:Bidding,玉林市福绵区直属机关后勤服务中心关于大型客车的框架协议采购项目成交公告
2345.0,:Bidding,赣州诚宇工程管理咨询有限公司关于江西省全南县公用交通投资有限公司-全南县城区公交 优化提升项目（新能源公交车项目） 项目编号：GZCY2024-QN-PTG003-2 中标结果公告
2346.0,:Bidding,内蒙古自治区森林消防总队自然灾害应急能力提升工程装备建设项目（车辆类第四项）第三包合同
2347.0,:Bidding,双峰县城乡客运一体化车辆采购项目中标结果公告
2348.0,:Bidding,开平工业园区新能源公交车购置一标段中标候选人公示
2349.0,:Bidding,开平工业园区停车场及综合配套设施建设项目-新能源公交车购置一标段中标候选人公示
2350.0,:Bidding,党政机关公务用车购置党政机关公务用车（燃油大型客车）合同
2351.0,:Bidding,周口城乡创新孵化管理有限公司接待考察中型客车项目采购-成交公告
2352.0,:Bidding,南京中北运通旅游客运有限公司2024年国六柴油客车采购项目中标候选人公示
2353.0,:Bidding,江陵永通城市公交有限公司新能源公交车购置项目二标段中标结果公告
2354.0,:Bidding,江陵永通城市公交有限公司新能源公交车购置项目三标段中标结果公告
2355.0,:Bidding,广东省广州监狱广东省广州监狱大中型客车集采商品直接订购采购合同的合同公告
2356.0,:Bidding,浙江公司北仑电厂2024年9月流体输送用不锈钢无缝钢管询价采购
2357.0,:Bidding,江陵永通城市公交有限公司新能源公交车购置项目四标段中标结果公告
2358.0,:Bidding,江陵县全域公交县创建项目-江陵永通城市公交有限公司新能源公交车购置项目江陵县全域公交县创建项目-江陵永通城市公交有限公司新能源公交车购置项目二标段中标结果公告(标段编号JZJI-202303GL-002002002)
2359.0,:Bidding,江陵县全域公交县创建项目-江陵永通城市公交有限公司新能源公交车购置项目江陵县全域公交县创建项目-江陵永通城市公交有限公司新能源公交车购置项目四标段中标结果公告(标段编号JZJI-202303GL-002002004)
2360.0,:Bidding,江陵县全域公交县创建项目-江陵永通城市公交有限公司新能源公交车购置项目江陵县全域公交县创建项目-江陵永通城市公交有限公司新能源公交车购置项目三标段中标结果公告(标段编号JZJI-202303GL-002002003)
2361.0,:Bidding,宇通客车股份有限公司中标汉中市中心血站2024年采血车送血车采购项目
2362.0,:Bidding,汉中市中心血站2024年采血车送血车采购项目中标（成交）结果公告
2363.0,:Bidding,山南市新能源公交车采购项目三次中标（成交）结果公告
2364.0,:Bidding,广西制造工程职业技术学院关于大型客车的框架协议采购项目成交公告
2365.0,:Bidding,石家庄市机关事务管理局公务用车购置项目合同
2366.0,:Bidding,攀枝花市公共交通有限责任公司采购纯电动公交车结果公告
2367.0,:Bidding,[中标候选人公示]榆林市公共交通总公司采购45辆新能源公交车项目（二次）中标候选人公示
2368.0,:Bidding,宇通客车股份有限公司合同
2369.0,:Bidding,巴楚县乡村振兴建设-城乡公共交通设施补短板项目（三次）中标（成交）结果公告（公开）
2370.0,:Bidding,巴楚县乡村振兴建设-城乡公共交通设施补短板项目（三次）中标(成交)结果公告
2371.0,:Bidding,濮阳市消防救援支队河南省消防救援总队濮阳支队“自然灾害应急能力提升工程”装备配备项目（第三次）
2372.0,:Bidding,黑龙江省森林消防总队国家综合性消防救援队伍能力提升项目第八批次（二次）第30包
2373.0,:Bidding,江陵县全域公交县创建项目-江陵永通城市公交有限公司新能源公交车购置项目江陵县全域公交县创建项目-江陵永通城市公交有限公司新能源公交车购置项目四标段评标结果公示(标段编号JZJI-202303GL-002002004)
2374.0,:Bidding,江陵县全域公交县创建项目-江陵永通城市公交有限公司新能源公交车购置项目四标段中标候选人公示
2375.0,:Bidding,曲靖靖源公共汽车有限责任公司4辆 纯电动公交车辆采购项目中标（成交）结果公告
2376.0,:Bidding,黑龙江省森林消防总队国家综合性消防救援队伍能力提升项目第八批次 （二次）第30包
2377.0,:Bidding,黑龙江省森林消防总队国家综合性消防救援队伍能力提升项目第八批次（二次）第28包
2378.0,:Bidding,国家传染病应急队伍能力建设项目大型运兵车采购竞价成交公告
2379.0,:Bidding,黑龙江省森林消防总队国家综合性消防救援队伍能力提升项目第八批次 （二次）第29包
2380.0,:Bidding,黑龙江省森林消防总队国家综合性消防救援队伍能力提升项目第八批次&nbsp（二次）第30包
2381.0,:Bidding,黑龙江省森林消防总队国家综合性消防救援队伍能力提升项目第八批次&nbsp（二次）第29包
2382.0,:Bidding,国家传染病应急队伍能力建设项目中型运兵车采购竞价成交公告
2383.0,:Bidding,中标公示（山东省交投校车服务有限责任公司校车采购项目）
2384.0,:Bidding,汉中市中心血站2024年采血车采购项目履约验收公告
2385.0,:Bidding,2024年凯里安好公司采购50辆纯电动公交车项目中标（成交）公告
2386.0,:Bidding,2024年嘉兴市国鸿公共交通有限公司公交客车采购项目（标段一）中标公示表
2387.0,:Bidding,渭南市接待联络中心公务用车采购项目（三次）政府采购合同公告
2388.0,:Bidding,辽宁省疾病预防控制中心省疾控中心应急特种车辆采购项目中标公告(JH24-210000-31917(LNZC2024-0256))
2389.0,:Bidding,第六师奇台医院体检车及配套设备采购项目合同公告
2390.0,:Bidding,公务用车采购项目（三次）
2391.0,:Bidding,宝鸡市中心血站采血特种专业技术用车采购项目中标（成交）结果公告
2392.0,:Bidding,2024年凯里安好行公共交通有限责任公司采购50辆纯电动公交车项目中标（成交）公告
2393.0,:Bidding,渭南市接待联络中心公务用车采购项目（三次）中标（成交）结果公告
2394.0,:Bidding,大同市机关事务管理局大型客车采购项目合同公告
2395.0,:Bidding,商丘市中心血站2024年采血车采购项目
2396.0,:Bidding,2024年嘉兴市国鸿公共交通有限公司公交客车采购项目（标段一）中标公示表
2397.0,:Bidding,湖南工商大学关于大型客车的网上超市采购项目成交公告
2398.0,:Bidding,乌鲁木齐一号台地电子产业中心园区项目（智能终端）-北地块-6#厂房2024082310472100102
2399.0,:Bidding,石家庄市机关事务管理局公务用车购置项目（二次）询价中标公告
2400.0,:Bidding,[市本级]石家庄市机关事务管理局公务用车购置项目（二次）询价中标公告
2401.0,:Bidding,宇通客车中标结果:公交集团校车采购项目成交公告
2402.0,:Bidding,河南省消防救援总队前突皮卡车采购项目（国债项目）合同书
2403.0,:Bidding,市委更换公务用车车辆采购合同
2404.0,:Bidding,中共遵化市委办公室更换公务用车竞争性谈判成交公告
2405.0,:Bidding,衡水市综合交通枢纽建设项目新能源公交车购置中标公告
2406.0,:Bidding,井冈山市城乡公交提升工程新能源客车采购（第一批）【合同】
2407.0,:Bidding,G1311002401222001衡水市综合交通枢纽建设项目新能源公交车购置中标结果公示
2408.0,:Bidding,吉水县城市公交（新能源）采购项目（A包）
2409.0,:Bidding,[【JXRC(JA)-2024-CG20】]井冈山市城乡公交提升工程新能源客车采购（第一批）
2410.0,:Bidding,井冈山市城乡公交提升工程新能源客车采购（第一批）合同公告
2411.0,:Bidding,吉水县城市公交（新能源）采购项目（A包）中标候选人排序公示
2412.0,:Bidding,G1311002401222001衡水市综合交通枢纽建设项目新能源公交车购置中标结果公告
2413.0,:Bidding,Z1303252401011301秦皇岛经济技术开发区机关事务服务中心车辆购置采购项目二次招标结果公告
2414.0,:Bidding,鄂尔多斯伊金霍洛国际机场有限公司采购机组转运车项目中标公告
2415.0,:Bidding,井冈山市城乡公交提升工程新能源客车采购（第一批）结果公示
2416.0,:Bidding,太湖县龙山客运服务有限责任公司采购城乡客运车辆项目（2包）中标结果公告
2417.0,:Bidding,[井冈山市]井冈山市城乡公交提升工程新能源客车采购（第一批）结果公示
2418.0,:Bidding,绵阳市儿童福利院绵阳市儿童福利院大中型客车直接选定采购合同履约验收公告
2419.0,:Bidding,上饶和信工程咨询有限公司关于婺源火车站—篁岭新能源客车采购项目中标结果公告
2420.0,:Bidding,珠海汇华汽车租赁有限公司购买大客车采购招标项目（项目编号:CZ20240325）中标公告
2421.0,:Bidding,衡水市综合交通枢纽建设项目新能源公交车购置项目评标信息公示
2422.0,:Bidding,G1311002401222001衡水市综合交通枢纽建设项目新能源公交车购置中标候选人公示
2423.0,:Bidding,衡水市综合交通枢纽建设项目新能源公交车购置中标候选人公示
2424.0,:Bidding,车辆购置费
2425.0,:Bidding,当阳市实验幼儿园校车采购
2426.0,:Bidding,商丘市中心血站2024年采血车采购项目-中标公告
2427.0,:Bidding,渭南市接待联络中心渭南市接待联络中心公务用车采购项目采购实行单一来源采购方式的公示
2428.0,:Bidding,大同市机关事务管理局大型客车采购项目结果公告
2429.0,:Bidding,商丘市中心血站2024年采血车采购项目结果公告
2430.0,:Bidding,西藏自治区森林消防总队机动队伍能力提升装备购置项目（2包）合同公示
2431.0,:Bidding,西藏自治区森林消防总队机动队伍能力提升装备购置项目（2包）
2432.0,:Bidding,黑龙江省森林消防总队国家综合性消防救援队伍能力提升项目第八批次 （二次）第29包中标候选人公示
2433.0,:Bidding,黑龙江省森林消防总队国家综合性消防救援队伍能力提升项目第八批次 （二次）第30包中标候选人公示
2434.0,:Bidding,黑龙江省森林消防总队国家综合性消防救援队伍能力提升项目第八批次（二次）第28包中标候选人公示
2435.0,:Bidding,海安飞鹤公共交通有限公司7米纯电动公交车采购项目中标公示[成交公告]
2436.0,:Bidding,青海邦远工程咨询有限责任公司关于祁连县寄宿制民族小学校车购置项目中标（成交）结果公告
2437.0,:Bidding,2024年8月13日当阳市实验幼儿园校车采购中标结果公告
2438.0,:Bidding,嘉兴市公共交通有限公司50辆纯电动公交车采购项目（二标段）
2439.0,:Bidding,青海邦远工程咨询有限责任公司关于祁连县寄宿制民族小学校车购置项目中标(成交)结果公告
2440.0,:Bidding,东莞市望牛墩镇人民政府东莞市望牛墩镇人民政府大中型客车直接订购采购合同验收结果公告
2441.0,:Bidding,云南林业职业技术学院业务保障大巴采购（三次）成交公告
2442.0,:Bidding,山东省烟台市蓬莱区烟台市蓬莱区教育和体育局南王中心幼儿园校车采购验收公告
2443.0,:Bidding,南王中心幼儿园校车采购
2444.0,:Bidding,巴楚县乡村振兴建设-城乡公共交通设施补短板项目（三次）中标(成交)结果公告
2445.0,:Bidding,26辆6米级纯电动公交车购车合同
2446.0,:Bidding,新疆嘉信能源科技有限公司洁净能源多联产项目消防急救车中标公告
2447.0,:Bidding,黑龙江省森林消防总队国家综合性消防救援队伍能力提升项目第七批次第一包合同公示
2448.0,:Bidding,第十师团场公交车更新改造项目中标结果公告
2449.0,:Bidding,全国人大会议中心汽车采购项目DD24072313653220_iRdeWD.pdf
2450.0,:Bidding,关于大型客车的汽车馆合同公告
2451.0,:Bidding,赤壁市公交集团旅游客运有限公司购置车辆中标(成交)结果公告
2452.0,:Bidding,辽宁省消防救援总队“自然灾害应急能力提升工程”营口支队消防装备建设项目-车辆项目（一）第05包采购合同
2453.0,:Bidding,江苏省连云港汽车运输有限公司车辆采购
2454.0,:Bidding,管道局维抢修分公司宿营车招标项目（三次）中标候选人
2455.0,:Bidding,登封嵩山少林旅游发展有限公司“景景通”项目中标结果公告
2456.0,:Bidding,管道局维抢修分公司宿营车招标项目（三次）
2457.0,:Bidding,电子科技大学中山学院电子科技大学中山学院大中型客车集采商品直接订购采购合同的合同公告
2458.0,:Bidding,枝江市安捷交通运输有限责任公司新能源公交车采购项目中标结果公告
2459.0,:Patent,一种乘客椅安全带及乘坐人检测系统及客车
2460.0,:Patent,一种车外智能语音交互方法及装置
2461.0,:Patent,混合动力系统及商用车
2462.0,:Patent,一种盲区监测及预警方法及系统
2463.0,:Patent,一种商用车预防动力传动链撞响的方法及系统
2464.0,:Patent,结构化多字段混合密度数据的存储方法、装置及存储介质
2465.0,:Patent,一种具有智能急救舱的救护车
2466.0,:Patent,一种车载通讯终端的处理方法和系统
2467.0,:Patent,一种电动空压机控制方法及系统
2468.0,:Patent,一种车辆控制系统及处理器复位保护电路
2469.0,:Patent,一种车辆、踏板传感器零位漂移调整方法及系统
2470.0,:Patent,一种电动汽车复合制动系统控制方法及系统
2471.0,:Patent,一种客车安全起步控制方法和装置
2472.0,:Patent,一种道路坡度估算方法及系统
2473.0,:Patent,一种基于坡度和载荷估算的能量管理方法及系统
2474.0,:Patent,一种车辆转弯辅助安全控制方法及系统
2475.0,:Patent,一种新能源车悠车脱困控制方法和装置
2476.0,:Patent,一种氢燃料电池车及碰撞安全控制方法
2477.0,:Patent,一种燃料电池车辆吹扫方法及系统
2478.0,:Patent,一种燃料电池泄漏判断方法和装置
2479.0,:Patent,一种车辆换电控制系统及车辆
2480.0,:Patent,一种车辆及其燃料电池热管理控制方法与系统
2481.0,:Patent,一种氢气泄露预警的方法和装置
2482.0,:Patent,一种高压段氢气泄漏预警方法和装置
2483.0,:Patent,一种公交信号优先控制方法、平台及系统
2484.0,:Patent,一种整车加速度限制扭矩控制方法和装置
2485.0,:Patent,汽车前大灯
2486.0,:Patent,一种整车动力性控制方法和装置
2487.0,:Patent,一种车辆及其发动机排气歧管漏气检测方法和系统
2488.0,:Patent,一种双模式电驱动系统及车辆
2489.0,:Patent,一种车辆及其对外警示系统
2490.0,:Patent,一种车辆及其灯具除雾散热方法与灯具
2491.0,:Patent,一种除霜器、客车驾驶区空气调节系统及客车
2492.0,:Patent,一种基于多源融合技术的高精度定位方法、系统及车辆
2493.0,:Patent,一种空调风机控制系统及其保护方法
2494.0,:Patent,一种变速箱、驱动系统及车辆
2495.0,:Patent,一种方向盘脱手检测方法、系统及车辆
2496.0,:Patent,一种电动助力转向系统中位自学习标定方法及系统
2497.0,:Patent,一种多工况AMT变速箱换挡控制方法、系统及新能源车辆
2498.0,:Patent,一种AMT变速箱换挡控制方法、系统及新能源车辆
2499.0,:Patent,一种车辆、多光源汽车信号灯故障检测方法及装置
2500.0,:Patent,一种扶手底座及使用该扶手底座的车辆
2501.0,:Patent,一种轮边电驱桥及车辆
2502.0,:Patent,一种座椅固定结构及车辆
2503.0,:Patent,一种组合式后雾灯制动灯系统和系统的控制方法
2504.0,:Patent,一种座椅腿结构及座椅
2505.0,:Patent,一种车辆对外放电的装置
2506.0,:Patent,用于电子设备的基于模式切换的车辆屏幕交互动态图形界面
2507.0,:Patent,一种用于车辆的自适应坡道辅助控制方法和系统
2508.0,:Patent,一种自适应坡道辅助控制方法和系统
2509.0,:Patent,一种激光雷达安装支架及车辆
2510.0,:Patent,一种燃料电池汽车及其氢系统的全天候监控系统
2511.0,:Patent,一种燃料电池汽车及其氢气控制系统
2512.0,:Patent,一种自适应巡航系统跟车控制方法及车辆
2513.0,:Patent,一种燃料电池过温限功率控制方法及装置
2514.0,:Patent,一种管线支撑装置、管线过孔安装结构及车辆
2515.0,:Patent,一种具有行星轮系的电驱动系统
2516.0,:Patent,一种在发动机后处理再生时的空调控制方法及系统
2517.0,:Patent,一种型材加工的工作站
2518.0,:Patent,一种多模式OTA全量升级方法及系统
2519.0,:Patent,一种车辆过道地板用支撑横梁及车架
2520.0,:Patent,一种出风装置
2521.0,:Patent,一种客车
2522.0,:Patent,一种燃油房车发动机余热利用装置和房车
2523.0,:Patent,一种散热装置及车辆
2524.0,:Patent,一种顶置电池装置和车辆
2525.0,:Patent,一种网络通信系统及其路由冲突抑制方法
2526.0,:Patent,一种乘客门横梁、侧围骨架及车辆
2527.0,:Patent,一种燃油泵减振装置及车辆
2528.0,:Patent,一种具有行星轮系的混合动力系统及车辆
2529.0,:Patent,一种柔性电路板
2530.0,:Patent,一种柔性电路板及柔性电路板组件
2531.0,:Patent,柔性电路板用连接器及连接器组件
2532.0,:Patent,增程式混合动力装载机及其动力系统
2533.0,:Patent,一种集成式地图袋结构及门护板
2534.0,:Patent,车辆内饰装饰件与显示器的安装结构及使用该结构的车辆
2535.0,:Patent,一种铜铝导体连接器
2536.0,:Patent,一种房车及其热水系统
2537.0,:Patent,一种空气滤清器
2538.0,:Patent,一种车辆灯光智能控制方法及系统
2539.0,:Patent,一种窗框、窗框装饰件及窗框组件
2540.0,:Patent,一种电驱动系统及车辆
2541.0,:Patent,一种车身前围顶蒙皮及车辆
2542.0,:Patent,一种车用空调专用风道及车辆
2543.0,:Patent,一种车辆轮椅区挡止架、扶手杆及车辆
2544.0,:Patent,一种车用电动空压机系统振动噪声性能提升方法及车辆
2545.0,:Patent,一种充电控制系统及其控制方法和应用该系统的新能源车
2546.0,:Patent,一种车辆应急解锁装置
2547.0,:Patent,一种L4级自动驾驶计算平台
2548.0,:Patent,一种车辆顶部结构及使用该车辆顶部的车辆
2549.0,:Patent,电驱动系统及驱动方法
2550.0,:Patent,一种混动车辆热管理系统、热管理方法及混动车辆
2551.0,:Patent,一种车用行李架及车辆
2552.0,:Patent,车辆座椅（YTSQ06A）
2553.0,:Patent,车辆座椅（YTSE03A）
2554.0,:Patent,客车司机隔断挡板
2555.0,:Patent,一种新能源客车电回馈和ABS复合制动系统及车辆
2556.0,:Patent,一种自学习的油门防误踩控制方法和装置
2557.0,:Patent,一种驾驶系统及其安全控制方法
2558.0,:Patent,一种车用空调排水装置及车辆
2559.0,:Patent,一种校车线路编排方法和装置
2560.0,:Patent,一种球头型车门平衡杆及车辆
2561.0,:Patent,公交座椅（YTG10）
2562.0,:Patent,一种分布式轮边驱动与中央驱动混合驱动系统及车辆
2563.0,:Patent,一种电机电控接线装置
2564.0,:Patent,一种无低压储能电池的低压供电系统及车辆
2565.0,:Patent,一种集成内饰侧围装饰件及车辆
2566.0,:Patent,一种工程机械充电分配盒及充电连接装置
2567.0,:Patent,一种新能源车辆电流异常保护控制方法及高压回路
2568.0,:Patent,一种车辆及其动力电池温度管理方法、系统
2569.0,:Patent,纯电动多挡AMT变速箱换挡控制方法、传动系统及电动车辆
2570.0,:Patent,汽车后视镜
2571.0,:Patent,一种双电机自动变速的电驱动系统和变速器
2572.0,:Patent,仪表台
2573.0,:Patent,客车侧装饰件
2574.0,:Patent,公交仪表台
2575.0,:Patent,扶手箱
2576.0,:Patent,电器箱装饰件
2577.0,:Patent,客车
2578.0,:Patent,电动车集成控制器
2579.0,:Patent,公交车内饰大顶覆盖件
2580.0,:Patent,客车的侧围
2581.0,:Patent,一种内存泄露自动检测方法和装置
2582.0,:Patent,一种燃料电池温度控制方法及系统
2583.0,:Patent,一种双行星排电驱动系统、车辆及换挡方法
2584.0,:Patent,一种双电机无动力中断自动变速的电驱动系统和变速器
2585.0,:Patent,一种新能源车辆驾驶失知监测系统及控制方法
2586.0,:Patent,一种负压救护车
2587.0,:Patent,双层公交车的后围
2588.0,:Patent,一种电池包及车辆
2589.0,:Patent,一种多目标跟踪方法及系统
2590.0,:Patent,一种车辆控制方法、车辆驾驶风格识别方法及车辆
2591.0,:Patent,一种正极集流体及其制备方法和应用
2592.0,:Patent,一种集成式热管理系统风扇控制方法及车辆
2593.0,:Patent,一种车辆及动力域集成控制器
2594.0,:Patent,一种用于纯电动装载机的电驱动系统和变速器
2595.0,:Patent,一种混合式日行前位灯的控制方法及车辆
2596.0,:Patent,一种自动泊车轨迹生成方法和装置
2597.0,:Patent,一种电池箱及用于电池箱的防凝露系统
2598.0,:Patent,公交仪表台
2599.0,:Patent,公交车仪表台
2600.0,:Patent,公交车轮罩
2601.0,:Patent,公交车楼梯
2602.0,:Patent,公交车围门
2603.0,:Patent,公交车前顶
2604.0,:Patent,公交车后顶
2605.0,:Patent,车辆传感器装置及车辆
2606.0,:Patent,一种车辆传感器装置及车辆
2607.0,:Patent,一种基于LQR控制的自动驾驶车辆控制方法和装置
2608.0,:Patent,一种基于MPC控制的自动驾驶车辆控制方法和装置
2609.0,:Patent,仪表台
2610.0,:Patent,一种车用空气悬架系统、车辆及车身高度控制方法
2611.0,:Patent,一种自动驾驶车辆的决策方法及装置
2612.0,:Patent,一种新能源车辆及其能量管理控制方法、系统
2613.0,:Patent,一种圆柱电池及电池模组
2614.0,:Patent,一种导电连接结构
2615.0,:Patent,一种车辆辅助管控方法及系统
2616.0,:Patent,一种冷凝换热器及车辆
2617.0,:Patent,一种车辆顶棚、车辆空调送风系统及车辆
2618.0,:Patent,一种车辆热管理液流循环系统及车辆
2619.0,:Patent,一种时序数据的压缩方法及系统
2620.0,:Patent,救护车警灯底座
2621.0,:Patent,救护车（方舱）
2622.0,:Patent,一种新能源车载空调及车辆热管理系统
2623.0,:Patent,救护车
2624.0,:Patent,基于局部异常因子算法的车载空调故障预测方法及系统
2625.0,:Patent,仪表台
2626.0,:Patent,随动仪表台
2627.0,:Patent,客车的后围
2628.0,:Patent,一种电池包防凝露结构及电池包
2629.0,:Patent,一种T-BOX异常恢复方法与系统
2630.0,:Patent,车载高压控制系统及其高压接触器剩余寿命均衡控制方法
2631.0,:Patent,一种汽车及其集成式动力域控制器
2632.0,:Patent,一种电池系统电芯内短路识别方法和装置
2633.0,:Patent,一种双桥电驱桥协同控制方法、双桥电驱桥及车辆
2634.0,:Patent,一种客车
2635.0,:Patent,一种车辆及其电池箱性能监测方法、系统
2636.0,:Patent,一种纯电动车续航能力提升方法及装置
2637.0,:Patent,一种电驱动系统控制方法、电驱动系统及车辆
2638.0,:Patent,一种自动驾驶车辆纵向控制方法、系统及车辆
2639.0,:Patent,一种车辆电驱动系统及电驱动桥、车辆
2640.0,:Patent,一种排放数据质量判定方法及监测系统
2641.0,:Patent,一种基于车辆CANFD安全通信协议的传输方法
2642.0,:Patent,一种充换电系统过温保护方法及装置
2643.0,:Patent,公交车
2644.0,:Patent,一种自动驾驶车辆横纵向控制方法及系统
2645.0,:Patent,公交车的前围
2646.0,:Patent,一种车辆燃油采集系统
2647.0,:Patent,一种车辆电池SOH预测方法及系统
2648.0,:Patent,一种多端转发设备、自动驾驶系统及自动驾驶车辆
2649.0,:Patent,一种车辆零部件通信链路检测方法及车辆OTA平台
2650.0,:Patent,一种电池箱及其温度采集和火情探测方法
2651.0,:Patent,一种面向场景的车云一体故障诊断方法及系统
2652.0,:Patent,冷藏车非独立制冷机组制冷速度控制方法、装置及系统
2653.0,:Patent,一种电动汽车电池防盗方法及系统
2654.0,:Patent,一种车辆及其再生制动辅助控制方法及系统
2655.0,:Patent,一种新能源车辆及其集成化低压系统
2656.0,:Patent,一种车辆及其低压供电系统
2657.0,:Patent,一种燃料电池重卡的动力系统、能量管理方法及装置
2658.0,:Patent,一种车辆低压供电系统及电动汽车
2659.0,:Patent,一种车辆及其低压供电系统
2660.0,:Patent,一种电池系统NTC异常故障诊断方法及系统
2661.0,:Patent,一种磷酸铁锂动力电池系统寿命估算方法、系统及车辆
2662.0,:Patent,一种车辆绝缘故障原因识别方法及装置
2663.0,:Patent,一种动力总成悬置架及车辆
2664.0,:Patent,一种车辆及其基于混联结构的轻混系统和控制方法
2665.0,:Patent,一种旋转油封及应用该旋转油封的密封结构和电机
2666.0,:Patent,轻卡房车（C型）
2667.0,:Patent,一种电源系统电芯漏液识别方法及装置
2668.0,:Patent,一种自动驾驶车辆标定装置
2669.0,:Patent,一种供应链安全风险识别方法及装置
2670.0,:Patent,一种防夹胶条
2671.0,:Patent,一种活物检测方法、系统及无线充电设备
2672.0,:Patent,一种用于无线充电的对位检测自检方法及对位检测系统
2673.0,:Patent,一种T-BOX线束实时自诊断方法及系统
2674.0,:Patent,一种自车点云过滤方法、过滤系统、识别方法及识别系统
2675.0,:Patent,一种特种车辆识别方法、装置及车辆
2676.0,:Patent,一种新能源车辆及耐高温材料
2677.0,:Patent,一种客车播放器音量的动态调节方法、系统及车辆
2678.0,:Patent,一种基于区块链技术的企业碳排放透明度服务方法及系统
2679.0,:Patent,仪表台
2680.0,:Patent,一种域控网络架构及车辆
2681.0,:Patent,救护车
2682.0,:Patent,一种车辆高压电气系统及车辆
2683.0,:Patent,车辆、雨/雪天气识别方法、车辆控制方法和系统
2684.0,:Patent,一种公交车车身高度主动控制装置及方法
2685.0,:Patent,一种坡道工况下车辆控制方法、系统及车辆
2686.0,:Patent,一种设备零部件信息的追溯方法及系统
2687.0,:Patent,一种锂电池容量一致性检测系统及方法
2688.0,:Patent,一种用于电池包充阻燃气体的系统、控制方法及车辆
2689.0,:Patent,一种电机控制方法、电机除湿装置和车辆
2690.0,:Patent,多电机控制方法和系统
2691.0,:Patent,一种三挡AMT变速系统、电驱动桥及采用该电驱动桥的车辆
2692.0,:Patent,一种基于路径规划的远程驾驶方法及系统
2693.0,:Patent,一种车辆电驱动系统及电驱动桥、车辆
2694.0,:Patent,一种自动驾驶物流车辆及其通行控制方法
2695.0,:Patent,乘客椅
2696.0,:Patent,一种自动驾驶车辆及其目标感知方法和系统
2697.0,:Patent,一种车辆轮口气帘装置及车辆
2698.0,:Patent,一种自动驾驶车辆及最小风险控制系统
2699.0,:Patent,一种无人驾驶车辆热管理系统及无人驾驶车辆
2700.0,:Patent,一种动力电池系统及其加热系统异常定位方法
2701.0,:Patent,一种动力电池系统及其加热系统异常诊断方法
2702.0,:Patent,一种燃料电池整车热管理系统控制方法及车辆
2703.0,:Patent,一种电池自加热控制方法及系统、车辆
2704.0,:Patent,汽车内饰前顶覆盖件
2705.0,:Patent,牌照灯总成（2）
2706.0,:Patent,方向盘
2707.0,:Patent,汽车内饰踏步覆盖件
2708.0,:Patent,轻型客车的车头
2709.0,:Patent,汽车前大灯（1）
2710.0,:Patent,汽车内饰侧覆盖件（左右）
2711.0,:Patent,车门装饰板
2712.0,:Patent,轻型客车的滑移门侧围
2713.0,:Patent,轻型客车（外摆门）
2714.0,:Patent,车载阅读灯（驾驶区）
2715.0,:Patent,汽车前围
2716.0,:Patent,汽车后视镜
2717.0,:Patent,汽车尾灯
2718.0,:Patent,车载阅读灯（乘客区）
2719.0,:Patent,汽车进气口
2720.0,:Patent,轻型客车的后围（上掀门）
2721.0,:Patent,汽车前雾灯装饰框
2722.0,:Patent,汽车前保险杠总成
2723.0,:Patent,轻客仪表台
2724.0,:Patent,牌照灯总成（1）
2725.0,:Patent,汽车前大灯（2）
2726.0,:Patent,汽车高位制动灯
2727.0,:Patent,轻客司机椅
2728.0,:Patent,轻客座椅
2729.0,:Patent,汽车前面罩
2730.0,:Patent,轻型客车的后围（对开门）
2731.0,:Patent,轻型客车
2732.0,:Patent,汽车内饰大顶覆盖件
2733.0,:Patent,汽车后保险杠总成
2734.0,:Patent,汽车扶手箱
2735.0,:Patent,仪表台
2736.0,:Patent,消防车
2737.0,:Patent,一种扁线绕组电机
2738.0,:Patent,双区空调控制面板
2739.0,:Patent,一种翻转桌板及使用该翻转桌板的乘用座椅
2740.0,:Patent,一种基于云端的语音交互方法及系统
2741.0,:Patent,一种风道固定梁及使用该风道固定梁的车架及客车
2742.0,:Patent,一种客车、车架及风道固定梁
2743.0,:Patent,一种车辆转向灯自动控制方法及系统
2744.0,:Patent,一种网约车派单方法及派单系统
2745.0,:Patent,一种电池包保温罩及电池包
2746.0,:Patent,一种集电杆回正装置、集电杆组件及车辆
2747.0,:Patent,一种翻转式防护装置及使用该装置的车辆
2748.0,:Patent,一种防凝露防爆阀及防爆电池包
2749.0,:Patent,一种自动驾驶车辆用客流统计方法和系统
2750.0,:Patent,一种车辆管线路线束杆及车辆
2751.0,:Patent,一种混合动力车辆整车热管理系统及车辆
2752.0,:Patent,一种自动驾驶汽车整车热管理系统及车辆
2753.0,:Patent,一种电池箱体固定螺栓扭矩老化预测方法及装置
2754.0,:Patent,一种基于T-Box的数据存储方法、车载T-Box以及车辆
2755.0,:Patent,一种防夹胶条及防夹胶条组件
2756.0,:Patent,一种汽车ECAS高度控制方法及系统
2757.0,:Patent,一种插电式车辆电源系统衰减评估方法及系统
2758.0,:Patent,一种空压机故障预测方法及系统
2759.0,:Patent,仪表台
2760.0,:Patent,救护车
2761.0,:Patent,商务椅
2762.0,:Patent,商务椅
2763.0,:Patent,一种车用热泵空调系统及客车
2764.0,:Patent,一种车载空调智能控制方法及装置
2765.0,:Patent,一种客车顶部逃生系统及客车
2766.0,:Patent,一种电机驱动桥总成及使用该电机驱动桥总成的商用车
2767.0,:Patent,房车（C型）
2768.0,:Patent,一种汽车综合热管理系统化霜方法及新能源车辆
2769.0,:Patent,一种车架及电动车辆
2770.0,:Patent,一种无人驾驶车辆及其碰撞传感器
2771.0,:Patent,一种公交信号优先控制方法及系统
2772.0,:Patent,一种旋挖钻及其动力系统
2773.0,:Patent,一种车辆故障发生概率预测方法、系统及车辆
2774.0,:Patent,一种自动驾驶系统及车辆
2775.0,:Patent,一种自动牵引配送系统及方法
2776.0,:Patent,皮卡房车
2777.0,:Patent,观光车
2778.0,:Patent,一种电池包及使用该电池包的车辆
2779.0,:Patent,一种塞拉门应急解锁装置及塞拉门系统
2780.0,:Patent,一种门轴组件及塞拉门系统
2781.0,:Patent,一种自动驾驶车辆近距离避障方法和系统
2782.0,:Patent,一种电池系统、电池管理系统及车辆
2783.0,:Patent,一种导电油封及使用该导电油封的驱动电机
2784.0,:Patent,一种车辆前照灯点亮的控制方法、系统及车辆
2785.0,:Patent,一种集成控制功能的内饰件及其制作方法
2786.0,:Patent,一种自动驾驶路径轨迹规划方法及车辆
2787.0,:Patent,一种纯电动车辆及其热管理系统
2788.0,:Patent,电动车辆及其电池系统调温控制方法、充电桩及充电电缆
2789.0,:Patent,一种数据抽取方法及分布式计算系统
2790.0,:Patent,一种管接头组件及采暖散热器
2791.0,:Patent,一种电池包及新能源车辆
2792.0,:Patent,一种自动驾驶车辆进站定位方法及定位系统
2793.0,:Patent,大灯装饰罩
2794.0,:Patent,客车前面罩
2795.0,:Patent,救护车
2796.0,:Patent,一种滤波器及其电感
2797.0,:Patent,一种光杠滑筒组件及双开塞拉门系统
2798.0,:Patent,一种带有辅助行车制动的制动系统
2799.0,:Patent,一种集电杆用锁止装置及车辆
2800.0,:Patent,新能源车辆用充电终端
2801.0,:Patent,一种集成电池系统及电池系统制造工艺
2802.0,:Patent,一种车辆及其动力电池加热控制方法
2803.0,:Patent,一种集成电驱桥及车辆
2804.0,:Patent,一种无人驾驶环卫作业系统及方法
2805.0,:Patent,一种电驱动桥及车辆
2806.0,:Patent,一种自动驾驶公交车辆调度控制方法及系统
2807.0,:Patent,一种无人驾驶约车方法及云控平台系统
2808.0,:Patent,显示屏幕面板的车辆智能监控图形用户界面
2809.0,:Patent,一种燃料电池车辆加氢控制方法及系统
2810.0,:Patent,一种无线充电系统及其软启控制方法和装置
2811.0,:Patent,一种大型智能车辆的横向控制方法
2812.0,:Patent,前置轻型公路客车
2813.0,:Patent,轻型公路客车的前脸
2814.0,:Patent,客车前面罩
2815.0,:Patent,房车双人卡座靠垫
2816.0,:Patent,一种具有换电功能的新能源车辆
2817.0,:Patent,一种新能源客车
2818.0,:Patent,一种卡车用电池系统及卡车
2819.0,:Patent,一种油门防误踩控制方法及系统
2820.0,:Patent,一种工程机械设备集群及供电系统
2821.0,:Patent,一种基于语义交互的自动驾驶车辆的自动驾驶系统
2822.0,:Patent,一种车辆、车辆电源总开关及其控制系统
2823.0,:Patent,一种动力系统气密性自检方法、动力系统和车辆
2824.0,:Patent,燃料电池车辆及排氢阀/排水阀故障诊断方法和装置
2825.0,:Patent,一种自动驾驶车辆控制系统和冗余控制系统
2826.0,:Patent,一种集电杆锁定机构及无轨电车
2827.0,:Patent,一种动力电池热管理系统的供电系统及车辆
2828.0,:Patent,AMT三位置气缸换挡控制方法及AMT三位置气缸换挡装置
2829.0,:Patent,一种车辆入侵检测方法及其车辆
2830.0,:Patent,一种电源系统健康状态计算方法及装置
2831.0,:Patent,一种客车车辆及其乘客门控制系统
2832.0,:Patent,一种电池、电池模组及电池包
2833.0,:Patent,动力电池的顶盖组件、动力电池的极柱及动力电池
2834.0,:Patent,一种多传感器融合的空闲车位检测方法
2835.0,:Patent,一种自动驾驶车辆的上下电安全控制方法
2836.0,:Patent,一种汽车线束设计方法
2837.0,:Patent,一种电池系统
2838.0,:Patent,一种面向自动驾驶矿卡的数据自动清洗方法
2839.0,:Patent,一种新能源汽车限速控制方法
2840.0,:Patent,一种车载终端及车辆
2841.0,:Patent,一种PREEvision与CAD接口生成线束的方法
2842.0,:Patent,一种冷藏车
2843.0,:Patent,一种电池系统及其短路保护单元
2844.0,:Patent,一种路径规划方法和装置以及一种云平台
2845.0,:Patent,车用人脸识别设备安装结构及车辆
2846.0,:Patent,一种冷暖除霜系统及车辆
2847.0,:Patent,一种驱动电机及其应用的车辆
2848.0,:Patent,导电环
2849.0,:Patent,一种车辆液流循环系统及车辆
2850.0,:Patent,一种电动车驱动系统及电动车
2851.0,:Patent,一种采用空调热泵除霜除雾的方法及车辆
2852.0,:Patent,一种自动驾驶车辆及其障碍物显示方法
2853.0,:Patent,一种车载以太网DoIP节点车辆标识信息同步方法及车辆
2854.0,:Patent,一种用于汽车供配电系统的保险丝盒
2855.0,:Patent,车辆及后处理器组件
2856.0,:Patent,一种OBD连接器安装盒
2857.0,:Patent,一种车辆后保险杠组件及车辆
2858.0,:Patent,一种座椅头枕及座椅
2859.0,:Patent,一种具有电池舱底部碰撞防护结构的客车
2860.0,:Patent,双层客车及其上层地板
2861.0,:Patent,一种CSC背板组件及电池箱
2862.0,:Patent,一种靠背连接件及座椅
2863.0,:Patent,一种防水电机
2864.0,:Patent,一种车辆的双扇对开滑移门系统及车辆
2865.0,:Patent,一种线束连接组件及车辆
2866.0,:Patent,一种电池用排气阀及电池顶盖
2867.0,:Patent,电机变速箱动力总成及电动车辆
2868.0,:Patent,一种座椅扶手及座椅
2869.0,:Patent,一种换挡装置及换挡装置的换挡驱动机构
2870.0,:Patent,一种电机和旋变定子固定结构
2871.0,:Patent,一种供气系统及燃料电池系统
2872.0,:Patent,一种板簧气囊复合悬架系统及车辆
2873.0,:Patent,一种车路协同仿真测试实现方法
2874.0,:Patent,一种客车车门及客车
2875.0,:Patent,一种汽车OTA升级断点续传方法、车载ECU及车载网联终端
2876.0,:Patent,一种智能车速控制调节方法
2877.0,:Patent,一种冷藏车门帘垂条、门帘、冷藏车车厢和冷藏车
2878.0,:Patent,一种主动空气悬架系统的控制方法及装置
2879.0,:Patent,一种基于大数据的车辆事故识别方法及平台
2880.0,:Patent,一种网联终端及其自适应驻网方法
2881.0,:Patent,一种电池壳体、电池及电池系统
2882.0,:Patent,一种整车级故障诊断系统、车辆及方法
2883.0,:Patent,一种电池加热控制方法及系统
2884.0,:Patent,一种车辆电池系统过负荷熔断器匹配保护方法
2885.0,:Patent,一种公交场站有序自动充电方法及场站系统
2886.0,:Patent,一种电驱动桥系统及车辆
2887.0,:Patent,一种自动驻车系统及车辆
2888.0,:Patent,一种新能源车辆的蠕行安全控制方法及车辆
2889.0,:Patent,一种车辆及防误踩控制方法和装置
2890.0,:Patent,一种自动驾驶车辆的配电系统
2891.0,:Patent,一种延长动力电池寿命的充电方法和系统
2892.0,:Patent,一种自动驾驶车辆及其决策方法
2893.0,:Patent,车辆动力系统
2894.0,:Patent,一种无线充电系统功率开关管软开关的控制方法及控制器
2895.0,:Patent,一种通过激光定位监测环境变化的方法及自动驾驶车辆
2896.0,:Patent,一种车辆动力系统
2897.0,:Patent,一种电池模块及其组成的电池包
2898.0,:Patent,一种无线充电系统引导与对位方法及车辆
2899.0,:Patent,一种车辆及其冗余制动控制方法
2900.0,:Patent,一种电子驻车系统及车辆
2901.0,:Patent,一种集成式车辆散热系统及车辆
2902.0,:Patent,一种电池用散热系统及电动卡车
2903.0,:Patent,一种踏板类型识别方法及车辆
2904.0,:Patent,一种充电机及其自清洁方法
2905.0,:Patent,一种双源无轨电车充电系统及其控制方法
2906.0,:Patent,一种车辆掉头路径规划方法
2907.0,:Patent,一种电动汽车及其制动控制方法
2908.0,:Patent,一种电动汽车的制动控制方法及电动汽车
2909.0,:Patent,一种环卫车及其上装控制方法
2910.0,:Patent,一种环卫车水量计算方法及环卫车
2911.0,:Patent,客车及其顶置空调固定结构
2912.0,:Patent,一种公交到站时刻预测方法及装置
2913.0,:Patent,一种燃料电池车辆及其低温启动方法
2914.0,:Patent,一种动力电池充电末端保护方法及电池管理系统
2915.0,:Patent,一种误踩加速踏板识别方法、装置及车辆
2916.0,:Patent,一种驱动电机系统及其故障保护方法
2917.0,:Patent,一种自动驾驶控制系统及车辆
2918.0,:Patent,一种无轨电车及其集电系统
2919.0,:Patent,一种电池系统过压/欠压故障定位方法
2920.0,:Patent,一种燃料电池系统健康状态评估方法和装置
2921.0,:Patent,一种无线充电动态频率调节系统及车辆
2922.0,:Patent,一种无线充电系统及其控制方法
2923.0,:Patent,一种动力电池一致性检测方法及平台
2924.0,:Patent,一种车辆纵向与横向控制的自适应防撞方法、系统及车辆
2925.0,:Patent,一种针对车辆横穿的自适应防撞方法、系统及车辆
2926.0,:Patent,新能源车辆及其电池系统SOC异常监控诊断方法、装置
2927.0,:Patent,观光车（鲸鱼）
2928.0,:Patent,一种客车用顶置装饰罩和客车
2929.0,:Patent,一种氢系统的泄漏检测方法、系统及加氢站
2930.0,:Patent,一种车辆电机系统的温控方法、系统及车辆
2931.0,:Patent,一种电池系统充电热管理方法及系统
2932.0,:Patent,一种新能源客车的冷却系统
2933.0,:Patent,车用路牌及客车
2934.0,:Patent,一种客车及客车顶盖结构
2935.0,:Patent,一种车辆及其主动减阻系统、主动减阻方法
2936.0,:Patent,一种电机/减速器总成的花键轴/花键套同轴度检测装置
2937.0,:Patent,一种线束固定结构及线束调整模块
2938.0,:Patent,一种车辆空调控制方法及车辆
2939.0,:Patent,一种燃料电池车辆及其低温启动控制方法和系统
2940.0,:Patent,一种电池系统过电流保护方法及车辆
2941.0,:Patent,一种电池系统的激励熔断保护方法及车辆
2942.0,:Patent,一种车辆电气系统及车辆
2943.0,:Patent,车辆状态确定方法及GPS漂移补偿方法
2944.0,:Patent,观光车（小丑鱼）
2945.0,:Patent,救护车嵌入式警灯底座
2946.0,:Patent,自动充电装置
2947.0,:Patent,一种扎带
2948.0,:Patent,一种电池包托架和车辆
2949.0,:Patent,车辆及车辆的车桥提升控制方法
2950.0,:Patent,一种储气筒及车辆
2951.0,:Patent,可提升的分布式驱动桥及一种新能源车辆
2952.0,:Patent,一种带有易控系统的车辆
2953.0,:Patent,一种手动维修开关
2954.0,:Patent,一种叠片电芯
2955.0,:Patent,一种电动车辆驱动电机冷却系统的故障预测方法及系统
2956.0,:Patent,一种高能耗车辆识别和原因诊断方法
2957.0,:Patent,一种新能源车辆及其车辆输出扭矩控制方法及装置
2958.0,:Patent,一种车辆电池系统监控平台及电池系统一致性差预警方法
2959.0,:Patent,一种燃料电池车辆及其加氢口故障检测方法及系统
2960.0,:Patent,一种电池系统短路保护电路及一种新能源车辆
2961.0,:Patent,一种新能源汽车高压负载绝缘故障定位方法及监控平台
2962.0,:Patent,一种新能源汽车绝缘失效定位方法及车辆
2963.0,:Patent,一种新能源汽车高压绝缘故障定位方法及监控平台
2964.0,:Patent,一种预约公交车的乘车方法及服务器系统及虚拟站点
2965.0,:Patent,用于客车的速度规划算法与装置
2966.0,:Patent,一种公交车的虚拟站点
2967.0,:Patent,一种电池充放电保护方法、系统和车辆
2968.0,:Patent,用于客车的速度规划算法与装置
2969.0,:Patent,一种电池加热诊断系统
2970.0,:Patent,电池加热片、电池加热膜及使用该电池加热膜的电池模组
2971.0,:Patent,一种燃料电池系统
2972.0,:Patent,一种车辆高压回路故障保护控制方法及系统
2973.0,:Patent,一种新能源客车及整车OTA的控制方法
2974.0,:Patent,一种驱动电机控制方法及系统
2975.0,:Patent,一种具有转子冷却结构的电机及应用该电机的车辆
2976.0,:Patent,一种动力系统绝缘故障定位的方法及车辆
2977.0,:Patent,一种公交车到站的控制方法及服务器
2978.0,:Patent,一种双源驱动装置、双源转向助力系统及车辆
2979.0,:Patent,一种车辆及其电池包的气密性检测方法
2980.0,:Patent,一种铰链及使用该铰链的车辆
2981.0,:Patent,燃料电池汽车及其氢系统瓶阀故障检测方法和装置
2982.0,:Patent,织物（黄色面料）
2983.0,:Patent,一种燃料电池汽车及其氢系统瓶阀故障检测方法和装置
2984.0,:Patent,一种对开内摆门用中缝胶条组件及车辆
2985.0,:Patent,一种车辆的电子电气架构变型管理方法及装置
2986.0,:Patent,一种车辆用门框胶条组件及车辆
2987.0,:Patent,一种拐角总成及使用该拐角总成的车辆
2988.0,:Patent,内饰顶
2989.0,:Patent,一种电池保温防火罩及电池包组件和车辆
2990.0,:Patent,一种动力电池氮气保护系统
2991.0,:Patent,无人驾驶物流车
2992.0,:Patent,一种电池包安全防护氧气浓度控制方法、系统和车辆
2993.0,:Patent,一种气动换挡控制系统自学习方法和装置
2994.0,:Industry,教育
2995.0,:Industry,纺织服装鞋帽皮革羽绒及其制品业
2996.0,:Industry,卫生和社会工作
2997.0,:Industry,文化、体育和娱乐业
2998.0,:Industry,研究与试验发展业
2999.0,:Class,学前教育
3000.0,:Class,初等教育
3001.0,:Class,中等教育
3002.0,:Class,高等教育
3003.0,:Class,特殊教育
3004.0,:Class,技能培训、教育辅助及其他教育
3005.0,:Class,机织服装制造
3006.0,:Class,针织或钩针编织服装制造
3007.0,:Class,服饰制造
3008.0,:Class,皮革鞣制加工
3009.0,:Class,皮革制品制造
3010.0,:Class,毛皮鞣制及制品加工
3011.0,:Class,羽毛(绒)加工及制品制造
3012.0,:Class,制鞋业
3013.0,:Class,卫生
3014.0,:Class,社会工作
3015.0,:Class,新闻和出版业
3016.0,:Class,广播、电视、电影和录音制作业
3017.0,:Class,文化艺术业
3018.0,:Class,体育
3019.0,:Class,娱乐业
3020.0,:Class,自然科学研究和试验发展
3021.0,:Class,工程和技术研究和试验发展
3022.0,:Class,农业科学研究和试验发展
3023.0,:Class,医学研究和试验发展
3024.0,:Class,社会人文科学研究
3025.0,:Main,通信设备、计算机及其他电子设备制造业
3026.0,:Industry,金属冶炼及压延加工业
3027.0,:Industry,其他制造业和废弃资源综合利用
3028.0,:Class,黑色金属冶炼和压延加工业
3029.0,:Class,有色金属冶炼和压延加工业
3030.0,:Class,其他制造业
3031.0,:Class,废弃资源综合利用
3032.0,:Industry,信息传输、计算机服务和软件业
3033.0,:Class,电信、广播电视和卫星传输服务
3034.0,:Class,互联网和相关服务
3035.0,:Class,软件和信息技术服务业
3036.0,:Industry,金属矿采选业
3037.0,:Industry,煤炭开采和洗选业
3038.0,:Class,黑色金属矿采选业
3039.0,:Class,有色金属矿采选业
3040.0,:Class,烟煤和无烟煤开采洗选
3041.0,:Class,褐煤开采洗选
3042.0,:Class,其他煤炭采选
3043.0,:Industry,建筑业
3044.0,:Industry,非金属矿及其他矿采选业
3045.0,:Industry,交通运输、仓储和邮政业
3046.0,:Industry,非金属矿物制品业
3047.0,:Industry,居民服务和其他服务业
3048.0,:Industry,造纸印刷及文教体育用品制造业
3049.0,:Industry,综合技术服务业
3050.0,:Industry,木材加工及家具制造业
3051.0,:Industry,石油加工、炼焦及核燃料加工业
3052.0,:Industry,纺织业
3053.0,:Industry,燃气生产和供应业
3054.0,:Industry,房地产业
3055.0,:Class,房屋建筑业
3056.0,:Class,土木工程建筑业
3057.0,:Class,建筑安装业
3058.0,:Class,建筑装饰、装修和其他建筑业
3059.0,:Class,非金属矿采选业
3060.0,:Class,其他采矿业
3061.0,:Class,铁路运输业
3062.0,:Class,道路运输业
3063.0,:Class,水上运输业
3064.0,:Class,航空运输业
3065.0,:Class,管道运输业
3066.0,:Class,多式联运和运输代理业
3067.0,:Class,装卸搬运和仓储业
3068.0,:Class,邮政业
3069.0,:Company1,汉威科技集团股份有限公司
3070.0,:Company,清徐县凯通天然气有限公司
3071.0,:Company,国能新疆化工有限公司
3072.0,:Company,中国五环工程有限公司
3073.0,:Company,鞍钢股份有限公司设备资材采购中心客商管理部
3074.0,:Company,沈阳燃气有限公司
3075.0,:Company,攀钢集团物资贸易有限公司
3076.0,:Company,中招联合信息股份有限公司
3077.0,:Company,深能巴州燃气股份有限公司
3078.0,:Company,中建三局安装工程有限公司
3079.0,:Company,杭州杭燃数智科技有限公司
3080.0,:Company,诚建材商贸有限公司
3081.0,:Company,华润燃气投资（中国）有限公司
3082.0,:Company,中国石油化工股份有限公司中原油田分公司
3083.0,:Company,辽源华润燃气有限公司
3084.0,:Company,佳木斯市供热燃气保障中心
3085.0,:Company,滨海投资（天津）有限公司
3086.0,:Company,拉萨市暖心燃气热力设备销售有限公司
3087.0,:Company,南通四建集团有限公司
3088.0,:Company,河钢集团供应链管理有限公司
3089.0,:Company,宿州市市场监管局
3090.0,:Company,宿州市埇桥区
3091.0,:Company,泗县中燃城市燃气发展有限公司
3092.0,:Company,邹城市燃气总公司
3093.0,:Company,常熟市恒达能源科技有限公司
3094.0,:Company,云南中石油昆仑燃气有限公司
3095.0,:Company,拜城县众泰煤焦化有限公司
3096.0,:Company,湖北宜化化工股份有限公司
3097.0,:Company,天津滨投新智科技有限公司
3098.0,:Company,中国烟草总公司郑州烟草研究院
3099.0,:Company,郑州建投通讯管线有限公司
3100.0,:Company,南京港华燃气有限公司
3101.0,:Company,大庆市住建业发展服务保障中心
3102.0,:Company,中国天辰工程有限公司
3103.0,:Company,大连德泰港华燃气股份有限公司
3104.0,:Company,商丘市生态环境局宁陵分局
3105.0,:Company,长春燃气股份有限公司
3106.0,:Company,重庆涪陵燃气有限责任公司
3107.0,:Company,天津储气库分公司物资装备管理站
3108.0,:Company,上海燃气浦东销售有限公司
3109.0,:Company,新疆中泰化学股份有限公司
3110.0,:Company,内江华润燃气有限公司
3111.0,:Company,中国石油化工股份有限公司齐鲁分公司
3112.0,:Company,鞍钢集团工程技术有限公司采购室
3113.0,:Company,中海壳牌石油化工有限公司
3114.0,:Company,中国石化国际事业有限公司
3115.0,:Company,德州实华化工有限公司
3116.0,:Company,中通服科信信息技术有限公司
3117.0,:Company,中海石油宁波大榭石化有限公司
3118.0,:Company,新疆嘉信能源科技有限公司
3119.0,:Company,无锡华润燃气有限公司
3120.0,:Company,华陆工程科技有限责任公司
3121.0,:Company,盘锦国华燃气有限公司
3122.0,:Company,广德皖能天然气有限公司
3123.0,:Company,山东孚日鸿硅新材料科技有限公司
3124.0,:Company,中盐安徽红四方股份有限公司
3125.0,:Company,大连洁净能源集团有限公司
3126.0,:Company,江西省投资燃气有限公司
3127.0,:Company,中化国际（控股）股份有限公司
3128.0,:Company,中化三建内蒙古分公司
3129.0,:Company,云南省天然气昭通有限公司
3130.0,:Company,中国铁塔股份有限公司河南省分公司
3131.0,:Company,巴林左旗住房和城乡建设局
3132.0,:Company,北京市燃气集团有限责任公司
3133.0,:Company,东华工程科技股份有限公司
3134.0,:Company,赛鼎工程有限公司
3135.0,:Company,江西遂川天然气有限公司
3136.0,:Company,中国石油物资有限公司
3137.0,:Company,临海华润燃气有限公司
3138.0,:Company,中化二建集团有限公司
3139.0,:Company,贵阳鸿源燃气建设发展有限公司
3140.0,:Company,大同华润燃气有限公司
3141.0,:Company,中国成达工程有限公司
3142.0,:Company,承德市公安局高新技术产业开发区分局
3143.0,:Company,中国化学工程第六建设有限公司
3144.0,:Company,浙江巨化化工材料有限公司
3145.0,:Company,广州燃气集团有限公司
3146.0,:Company,南阳汉冶特钢有限公司
3147.0,:Company,株洲新奥燃气有限公司
3148.0,:Company,绍兴中石油昆仑燃气有限公司
3149.0,:Company,鹤壁市生态环境监测和安全中心
3150.0,:Company,安徽慧佳科技有限公司
3151.0,:Company,上海燃气有限公司
3152.0,:Company,中国化学工程第四建设有限公司
3153.0,:Company,合肥合燃华润燃气有限公司
3154.0,:Company,淮北华润燃气有限公司
3155.0,:Company,敬业集团揭阳基地采购部
3156.0,:Company,国家管网集团浙江省天然气管网有限公司
3157.0,:Company,河南中原特钢装备制造有限公司
3158.0,:Company,中国石油天然气股份有限公司吉林石化分公司
3159.0,:Company,国能包头煤化工有限责任公司
3160.0,:Company,供应保障部
3161.0,:Company,中国电建市政建设集团有限公司
3162.0,:Company,江苏省环境工程技术有限公司
3163.0,:Company,山东港华燃气集团有限公司
3164.0,:Company,新疆生产建设兵团天然气有限公司
3165.0,:Company,台州华润燃气有限公司
3166.0,:Company,衡水华润燃气有限公司
3167.0,:Company,景德镇华润燃气有限公司
3168.0,:Company,江西天然气万安有限公司
3169.0,:Company,贵州盘江电投天能焦化有限公司
3170.0,:Company,鞍钢股份有限公司设备资材采购中心生产备件采购部
3171.0,:Company,武汉能源服务有限公司
3172.0,:Company,安徽皖维集团有限责任公司
3173.0,:Company,中国石化工程建设有限公司
3174.0,:Company,重庆建峰工业集团有限公司
3175.0,:Company,中移物联网有限公司
3176.0,:Company,启东华润燃气有限公司
3177.0,:Company,江西省天然气管道有限公司
3178.0,:Company,吉安华润燃气有限公司
3179.0,:Company,厦门华润燃气有限公司
3180.0,:Company,中煤长江地质集团有限公司
3181.0,:Company,七化建泸州分公司
3182.0,:Company,中国移动通信集团山西有限公司大同分公司
3183.0,:Company,本钢板材股份有限公司采购中心工程设备采购部
3184.0,:Company,中国寰球工程有限公司
3185.0,:Company,河南省生态环境监测和安全中心
3186.0,:Company,中国石油天然气股份有限公司塔里木油田分公司
3187.0,:Company,河南省煤气（集团）有限责任公司管道输气分公司
3188.0,:Company,昆明华润燃气有限公司
3189.0,:Company,四川大英经济开发区管理委员会
3190.0,:Company,中韩（武汉）石油化工有限公司
3191.0,:Company,辽宁优创植物保护有限公司
3192.0,:Company,池州皖能天然气有限公司
3193.0,:Company,高新技术开发区管委会环保安监局
3194.0,:Company,南通市崇川区商务局
3195.0,:Company,彭州华润燃气有限公司
3196.0,:Company,中国石化上海石油化工股份有限公司
3197.0,:Company,云南天安化工有限公司
3198.0,:Company,联通数字科技有限公司贵州省分公司
3199.0,:Company,天然气销售公司
3200.0,:Company,陕煤集团榆林化学有限责任公司
3201.0,:Company,中国海洋石油集团有限公司
3202.0,:Company,中海油石化工程有限公司
3203.0,:Company,迁安市住房和城乡建设局本级
3204.0,:Company,义马水务集团有限公司
3205.0,:Company,安徽省能源集团有限公司
3206.0,:Company,河南龙成煤高效技术应用有限公司
3207.0,:Company,北海市管道燃气有限公司
3208.0,:Company,中冶华南建设工程有限公司
3209.0,:Company,乐清华润燃气有限公司
3210.0,:Company,广水市住房和城乡建设局本级
3211.0,:Company,聊城研聚新材料有限公司
3212.0,:Company,山西临县国新燃气有限公司
3213.0,:Company,中国化学工程第十一建设有限公司
3214.0,:Company,大余县住房和城乡建设局本级
3215.0,:Company,哈尔滨锅炉厂有限责任公司
3216.0,:Company,郑州航空港城市运营有限公司
3217.0,:Company,大余县住房和城乡建设局
3218.0,:Company,中海石油（中国）有限公司上海分公司
3219.0,:Company,嘉兴市生态环境局海宁分局
3220.0,:Company,潍坊华润燃气有限公司
3221.0,:Company,山东省应急管理厅机关
3222.0,:Company,郑州航空港兴港燃气有限公司
3223.0,:Company,宣城新奥燃气股份有限公司
3224.0,:Company,西安华通新能源股份有限公司
3225.0,:Company,中海石油中捷石化有限公司
3226.0,:Company,荥阳市城市管理局
3227.0,:Company,中国化学赛鼎宁波工程有限公司
3228.0,:Company,浙江洁诚智慧能源有限公司
3229.0,:Company,寿光安城燃气有限公司
3230.0,:Company,深圳市燃气集团股份有限公司
3231.0,:Company,郑州高新技术产业开发区管委会国土规划住建局
3232.0,:Company,太原煤气化燃气集团有限责任公司
3233.0,:Company,运城市华新城市燃气有限公司
3234.0,:Company,安阳华润燃气有限公司
3235.0,:Company,深圳市燃气投资有限公司
3236.0,:Company,中国电信股份有限公司黔东南分公司
3237.0,:Company,霍林郭勒岷通天然气有限公司
3238.0,:Company,沈阳燃气技术开发有限公司
3239.0,:Company,沧州聚隆化工有限公司
3240.0,:Company,鹤壁市诚益新能源科技有限公司
3241.0,:Company,资兴华润燃气有限公司
3242.0,:Company,油田有限公司
3243.0,:Company,浙江浙能燃气股份有限公司
3244.0,:Company,西峡龙成再生资源有限公司
3245.0,:Company,内蒙古伊东资源集团股份有限公司
3246.0,:Company,广州南沙发展燃气有限公司
3247.0,:Company,中国化学工程第三建设有限公司
3248.0,:Company,联通物联网有限责任公司
3249.0,:Company,鸿图燃气工程有限公司
3250.0,:Company,海洋石油工程股份有限公司
3251.0,:Company,潜江华润燃气有限公司
3252.0,:Company,绍兴柯桥中国轻纺城管道燃气有限公司
3253.0,:Company,惠州市城市燃气发展有限公司
3254.0,:Company,峡岩满族自治县城市建设集团有限责任公司
3255.0,:Company,中国化学工业桂林工程有限公司
3256.0,:Company,仪器仪表分公司
3257.0,:Company,福建闽诚消防有限公司
3258.0,:Company,宁夏信广和新材料科技有限公司
3259.0,:Company,鞍钢集团工程技术有限公司
3260.0,:Company,中海福建天然气有限责任公司
3261.0,:Company,国家管网集团广东省管网有限公司
3262.0,:Company,晋中市太谷区华新城市燃气有限公司
3263.0,:Company,青岛华港石油仓储有限公司
3264.0,:Company,沈阳燃气股份有限公司
3265.0,:Company,忻州长峰燃气有限公司
3266.0,:Company,北京华油鑫业工程技术有限公司
3267.0,:Company,昆侖能源有限公司
3268.0,:Company,天津市天汇燃气发展有限公司
3269.0,:Company,营口市安通工程安装有限公司
3270.0,:Company,国家管网集团联合管道有限责任公司
3271.0,:Company,黄山市屯溪区九龙低碳经济园区服务中心
3272.0,:Company,沈阳市苏家屯区城市建设局
3273.0,:Company,新密市水利局
3274.0,:Company,山西华新定襄燃气有限公司
3275.0,:Company,韶山供水有限公司
3276.0,:Company,沧州华润燃气有限公司
3277.0,:Company,江苏立信建设工程造价咨询有限公司
3278.0,:Company,天津市赛达燃气有限公司
3279.0,:Company,天津市西青区杨柳青镇人民政府
3280.0,:Company,芜湖经济技术开发区安全生产监督管理局
3281.0,:Company,西安卫林鸿晟通风设备工程有限公司
3282.0,:Company,林村實業有限公司
3283.0,:Company,北京华盛新能投资有限公司
3284.0,:Company,阜康市住房和城乡建设局
3285.0,:Company,国家管网集团联合管道有限责任公司西部分公司
3286.0,:Company,国家管网集团河北建投天然气有限公司
3287.0,:Company,许昌市宏帆智能科技有限公司
3288.0,:Company,抚顺县住房和城乡建设局
3289.0,:Company,抚顺市东洲区工程建设开发管理中心
3290.0,:Company,沈阳市城乡建设事务服务中心（沈阳市城市更新事务服务中心）
3291.0,:Company,中海石油（中国）有限公司深圳分公司
3292.0,:Company,中化泉州石化有限公司
3293.0,:Company,福州华润燃气有限公司
3294.0,:Company,枣强县住房和城乡建设局（枣强县城市管理综合行政执法局、枣强县城市管理局、枣强县园林局）
3295.0,:Company,四川省安全科学技术研究院（四川省安全宣传教育培训中心四川省危险化学品登记注册中心四川省安全生产检测检验中心）
3296.0,:Company,陕西延长石油物资集团有限责任公司
3297.0,:Company,伊犁新天煤化工有限责任公司
3298.0,:Company,中国铁塔股份有限公司
3299.0,:Company,郑州高新技术产业开发区管委会智慧产业发展中心
3300.0,:Company,平顶山市市政环卫事务中心
3301.0,:Company,锦西天然气化工有限责任公司
3302.0,:Company,中国石油化工股份有限公司天然气分公司
3303.0,:Company,洛宁县公安局
3304.0,:Company,大连华润燃气有限公司
3305.0,:Company,六安市金安区应急管理局
3306.0,:Company,六安市叶集区应急管理局
3307.0,:Company,河南省中原大化集团有限责任公司
3308.0,:Company,常熟市天然气有限公司
3309.0,:Company,武钢华润燃气（武汉）有限公司
3310.0,:Company,晋中市中心城区洁源天然气有限公司
3311.0,:Company,郑州市郑东新区管理委员会应急管理局
3312.0,:Company,襄城县循环经济产业集聚区管理委员会
3313.0,:Company,呼和浩特职业学院
3314.0,:Company,金寨县应急管理局
3315.0,:Company,武汉华润燃气有限公司
3316.0,:Company,郑州中石油昆仑燃气有限公司
3317.0,:Company,中海油东方石化有限责任公司
3318.0,:Company,广宗县住房和城乡建设局
3319.0,:Company,沈阳市应急管理局
3320.0,:Company,北京顺天顺水市政工程有限公司
3321.0,:Company,郑州高新区环境污染防治攻坚战指挥部
3322.0,:Company,沙河中油金通天然气有限公司
3323.0,:Company,汝州市公安局
3324.0,:Company,玉田县发展和改革局
3325.0,:Company,重庆国际会议展览中心经营管理有限公司
3326.0,:Company,山西煤层气（天然气）集输有限公司
3327.0,:Company,内蒙古医科大学
3328.0,:Company,宁波华润兴光燃气有限公司
3329.0,:Company,山东华鲁恒升化工股份有限公司
3330.0,:Company,唐山市自来水有限公司
3331.0,:Company,数字郑州科技有限公司
3332.0,:Company,中国共产党郑州市金水区委员会政法委员会
3333.0,:Company,襄城县应急管理局
3334.0,:Company,大唐林州热电有限责任公司
3335.0,:Company,鸡泽县住房和城乡建设局（鸡泽县城市管理综合行政执法局）
3336.0,:Company,广西广投燃气有限公司
3337.0,:Company,兰州大学第一医院
3338.0,:Company,郑州市生态环境局中原分局
3339.0,:Company,中国石化扬子石油化工有限公司
3340.0,:Company,魏县川冀燃气有限公司
3341.0,:Company,宁波蓝光工程建设有限公司
3342.0,:Company,馆陶县隆源燃气有限公司
3343.0,:Company,吕梁市生态环境局文水分局
3344.0,:Company,中冶焦耐自动化有限公司
3345.0,:Company,河南开祥精细化工有限公司
3346.0,:Company,山东临邑经济开发区管理委员会
3347.0,:Company,中国移动通信集团安徽有限公司黄山分公司
3348.0,:Company,芜湖华衍水务有限公司
3349.0,:Company,和县皖能天然气有限公司
3350.0,:Company,内蒙古蒙维科技有限公司
3351.0,:Company,安阳化学工业集团有限责任公司
3352.0,:Company,中国铁路南宁局集团有限公司
3353.0,:Company,广西九众投资有限公司
3354.0,:Company,河南省计量测试科学研究院
3355.0,:Company,山西金达丰天然气开发有限公司
3356.0,:Company,洛宁县公安交通警察大队
3357.0,:Company,芜湖市应急管理局
3358.0,:Company,吴江华衍水务有限公司
3359.0,:Company,焦作煤业（集团）开元化工有限责任公司
3360.0,:Company,六安市应急管理局
3361.0,:Company,重庆市合川区人民医院
3362.0,:Company,国投广东生物能源有限公司
3363.0,:Company,长春工业大学
3364.0,:Company,杭州市公用事业监管中心
3365.0,:Company,河北省应急管理厅
3366.0,:Company,邓州市大数据管理中心
3367.0,:Company,河南能源化工集团洛阳永龙能化有限公司
3368.0,:Company,新疆天业汇合新材料有限公司
3369.0,:Company,汝州市住房和城乡建设局
3370.0,:Company,河南龙宇煤化工有限公司
3371.0,:Company,中国石油天然气股份有限公司兰州石化分公司
3372.0,:Company,南通卓众阀门有限公司
3373.0,:Company,郑州市公安局
3374.0,:Company,昊华骏化集团有限公司
3375.0,:Company,菏泽市定陶区经济和信息化局
3376.0,:Company,德州市城市管理行政执法局
3377.0,:Company,鲁西集团有限公司
3378.0,:Company,内蒙古工业大学
3379.0,:Company,河南省煤气（集团）有限责任公司义马气化厂
3380.0,:Company,唐山市曹妃甸区燃气有限公司
3381.0,:Company,东海中石油昆仑燃气有限公司
3382.0,:Company,枣庄市峄城区经济和信息化局
3383.0,:Company,厦门市市政园林局
3384.0,:Company,三门峡戴卡轮毂制造有限公司
3385.0,:Company,新疆燃气集团有限公司
3386.0,:Company,河南省人力资源社会保障综合服务中心
3387.0,:Company,呼和浩特中燃城市燃气发展有限公司
3388.0,:Company,厦门夏商物产有限公司
3389.0,:Company,中国三冶集团有限公司
3390.0,:Company,陕西城市燃气产业发展有限公司
3391.0,:Company,鹤壁市华夏助剂有限责任公司
3392.0,:Company,郑州市质量技术监督局郑东新区分局
3393.0,:Company,陕西北元化工集团股份有限公司
3394.0,:Company,内蒙古自治区人民医院（内蒙古自治区肿瘤研究所）
3395.0,:Company,新疆天业（集团）有限公司
3396.0,:Company,河南省人民医院
3397.0,:Company,公安部沈阳消防研究所
3398.0,:Company,中石化上海工程有限公司
3399.0,:Company,郑州高新技术产业开发区环境保护局
3400.0,:Company,南阳新区建设投资有限公司
3401.0,:Company,内蒙古达拉特经济开发区管理委员会
3402.0,:Company,中石化洛阳工程有限公司
3403.0,:Company,安徽华塑股份有限公司
3404.0,:Company,中牟县公安局
3405.0,:Company,重庆市巴南区人民政府
3406.0,:Company,郑州朗悦置业有限公司
3407.0,:Company,河南天之东置业有限公司
3408.0,:Company,河南谦茂置业有限公司
3409.0,:Company,河南省美景之州地产开发有限公司
3410.0,:Company,郑州祝福房地产开发有限公司
3411.0,:Company,河南新合鑫置业集团有限公司
3412.0,:Company,合肥市生活废弃物管理中心
3413.0,:Company,宜宾市投资集团有限责任公司
3414.0,:Company,惠州德捷运输设备有限公司
3415.0,:Company,郑州市公安局交通巡逻警察支队
3416.0,:Company,河南省生态环境监控中心（河南省生态环境信息中心）
3417.0,:Company,汝州市公安交通警察大队
3418.0,:Company,郑州市基正房地产开发有限公司
3419.0,:Company,河南明瑞企业管理有限公司
3420.0,:Company,惠州绿色动力环保能源有限公司
3421.0,:Company,淮安开发控股有限公司
3422.0,:Company,陕西格润科贸有限责任公司
3423.0,:Company,辽宁省城市建设改造项目办公室
3424.0,:Company,郑州市公安局交通警察支队
3425.0,:Company,武汉福保燃气安全新技术有限公司
3426.0,:Company,天津市滨海新区质量技术监督局
3427.0,:Company,通许公安交通警察大队
3428.0,:Company,郑州市第六十三中学
3429.0,:Company,本溪港华燃气有限公司
3430.0,:Company,杭州新纪元消防科技有限公司
3431.0,:Company,本溪北营钢铁（集团）股份有限公司
3432.0,:Company,杭州新纪元安全产品有限公司
3433.0,:Company,中国石油化工股份有限公司中原油田普光分公司
3434.0,:Company,新疆圣雄能源股份有限公司
3435.0,:Company,宁波迈升电子有限公司
3436.0,:Company,驻马店农业学校
3437.0,:Company,焦作卫生医药学校
3438.0,:Company,新乡市公安局
3439.0,:Company,五矿邯邢矿业有限公司西石门铁矿
3440.0,:Company,schydropower
3441.0,:Company,泰州市远东高科自动化工程有限公司
3442.0,:Company,sc hydropower
3443.0,:Company,安阳市公安局交通管理支队
3444.0,:Company,新安县公安局
3445.0,:Company,广州市安全生产监督管理局
3446.0,:Company,河南省驻马店农业学校
3447.0,:Company,同煤广发化学工业有限公司
3448.0,:Company,北京市昌平区农村能源办公室
3449.0,:Company,焦作市公安局
3450.0,:Company,河南师范大学
3451.0,:Company,德州市公安局交通警察支队
3452.0,:Company,中国安全生产科学研究院
3453.0,:Company,C.D. PRODUCTS S.A
3454.0,:Company,g3 ferrari S.R.L
3455.0,:Company,北京合百意生态能源科技开发有限公司
3456.0,:Company,广州市公安局
3457.0,:Company,天津迅尔科技股份有限公司
3458.0,:Company,深圳市诺安智能股份有限公司
3459.0,:Company,和创（北京）科技股份有限公司
3460.0,:Company,南京科力赛克安全设备有限公司
3461.0,:Company,北京惟泰安全设备有限公司
3462.0,:Company,北京安赛克科技有限公司
3463.0,:Company,欧好光电控制技术（上海）股份有限公司
3464.0,:Company,青岛积成电子股份有限公司
3465.0,:Company,江苏贞一环保科技股份有限公司
3466.0,:Company,厦门嘉戎技术股份有限公司
